<?xml version="1.0" encoding="UTF-8"?>
<!-- Copyright C.V.Kimball 2013 -->
<Tanach xmlns:xsi="http://www.w3.org/2001/XMLSchema-instance" xsi:noNamespaceSchemaLocation="../XSL/Tanach.xsd">
<teiHeader>
  <fileDesc>
    <titleStmt>
      <title level="s" type="uniform">Tanach</title>
      <title level="s" type="uniformhebrew">תנ״ך</title>
      <title level="s" type="main">Unicode/XML Leningrad Codex</title>
      <title level="a" type="main">Hosea</title>
      <title level="a" type="mainhebrew">הושע</title>
      <title level="a" type="filename">Hosea</title>
      <editor>Shemu'el ben Ya'akov</editor>
      <editor>Aharon ben-Mosheh ben-Asher</editor>
      <respStmt>
        <resp>Publisher:</resp>
        <name>Christopher V. Kimball</name>
        <name type="email">mail@cvkimball.com</name>
      </respStmt>
    </titleStmt>
    <editionStmt>
      <edition>Unicode/XML Leningrad Codex (UXLC)
        <version>UXLC 2.1</version>
        <date>1 Apr 2024</date>
        <build>27.2</build>
        <buildDateTime>31 Mar 2024  06:58</buildDateTime>
      </edition>
<respStmt>
<resp>WLC2XML[21 Apr 2023] - Transcription from Michigan-Claremont encoding to Unicode with XML markings. See details in notes.</resp>
<resp>ScanReplace/EditWLC[30 Dec 2020] - Edits/removes transcription notes; removes MDs.</resp>
<resp>ScanReplace/InsertCGJs[29 Dec 2020] - Places CGJ in Jerusalem VUV words and leading metegs.</resp>
<resp>Updater[15 Sep 2023] - Changes.xml file dated 2020.02.19 . </resp>
<resp>Updater[15 Sep 2023] - Changes.xml file dated 2020.10.19 . </resp>
<resp>Updater[15 Sep 2023] - Changes.xml file dated 2021.04.01 . </resp>
<resp>Updater[15 Sep 2023] - Changes.xml file dated 2021.10.19 . </resp>
<resp>Updater[15 Sep 2023] - Changes.xml file dated 2022.04.01 . </resp>
<resp>Updater[15 Sep 2023] - Changes.xml file dated 2022.07.04 . </resp>
<resp>Updater[15 Sep 2023] - Changes.xml file dated 2022.10.19 . </resp>
<resp>Updater[15 Sep 2023] - Changes.xml file dated 2022.12.07 . </resp>
<resp>Updater[15 Sep 2023] - Changes.xml file dated 2023.04.01 . </resp>
<resp>Updater[15 Sep 2023] - Changes.xml file dated 2023.07.04 . </resp>
<resp>Updater[15 Sep 2023] - Changes.xml file dated 2023.10.19 . </resp>
<resp>Updater[15 Sep 2023] - Changes.xml file dated 2024.04.01 . </resp>
</respStmt>
    </editionStmt>
    <extent>92184</extent>
    <publicationStmt>
      <distributor>Via web site:
        <name>Christopher V. Kimball</name>
        <name type="url">https://tanach.us/Tanach.xml</name>
        <name type="email">mail@cvkimball.com</name>
      </distributor>
      <availability status="free">Freely available</availability>
    </publicationStmt>
    <notesStmt>
      <note>The original text file wlc420_ps.txt was provided by the Groves Center. 
The file has the MD5 hash: d31a 6a6e 9afa bf82 272c 2efb 0522 a12e 
and was dated 25 Jan 2016. Six transcription notes (5,7,F) have been moved to the noted character (Lev 11:42.4, Judg 18:30.11, Isa 9.6.1, Ps 80:14.3, Job 38:13.5, Job 38:15.2) to produce the file wlc420_ps_td.txt for conversion to Unicode and XML by the program WLC2XML. The only other changes to the Groves Center text are: The book names in English and Hebrew of the Jewish Publication Society Tanach and book abbreviations from the New Revised Standard Version have been added. MC code 32 added as atnah hafukh by Steve Salisbury, 30 Sep 2021. The atnah hafukh codepoint, x05a2, has been added to the character table; it does not appear in WLC 4.20. </note>
    <correction>
<citation>2:16.8</citation>
<description>Word lacks accent, add note 'c'; MAM ends the word with a Maqaf (  ס־  ).</description>
<author>Ben Denckla</author>
<filedate>2021.10.19</filedate>
<date>2021.08.07</date>
<n>26</n>
</correction>
<correction>
<citation>12:5.1</citation>
<description>Change qamats under vav to patah.</description>
<author>Daniel Holman</author>
<filedate>2023.04.01</filedate>
<date>2022.12.12</date>
<n>1</n>
</correction>
<correction>
<citation>12:10.8</citation>
<description>Note possible meteg on bet. Add note 't'.</description>
<author>Daniel Holman</author>
<filedate>2023.04.01</filedate>
<date>2022.12.12</date>
<n>2</n>
</correction>
</notesStmt>
    <sourceDesc>
      <biblItem>
        <title>Hebrew Bible</title>
        <title>Leningrad Codex</title>
        <editor>Shemu'el ben Ya'akov</editor>
        <editor>Aharon ben-Mosheh ben-Asher</editor>
        <edition>Original document</edition>
        <imprint>
          <publisher>Russian National Library (Saltykov-Shchedrin)</publisher>
          <pubPlace>St. Petersburg (Leningrad)</pubPlace>
          <date>1008</date>
        </imprint>
        <idno type="Accession">Firkovich B 19 A</idno>
      </biblItem>
      <biblItem>
        <title>The Leningrad Codex - A Facsimile Edition</title>
        <editor>Freedman, David Noel</editor>
        <editor>Beck, Astrid B.</editor>
        <edition>First</edition>
        <imprint>
          <publisher>Wm. B. Eerdmans Publishing Co.</publisher>
          <pubPlace>Grand Rapids, MI</pubPlace>
          <date>1998</date>
        </imprint>
        <idno type="IBSN">0-8028-3786-7</idno>
      </biblItem>
      <biblItem>
        <title>The Westminster Leningrad Codex</title>
        <editor>Salisbury, Stephen K.</editor>
        <edition>WLC 4.20</edition>
        <imprint>
          <publisher>The J. Alan Groves Center for Advanced Biblical Research ("Groves Center").</publisher>
          <pubPlace>2960 Church Rd.</pubPlace>
          <pubPlace>Glenside, PA 19038</pubPlace>
          <date>25 January 2016</date>
        </imprint>
        <idno type="Unknown"/>
      </biblItem>
    </sourceDesc>
  </fileDesc>
  <encodingDesc>
  </encodingDesc>
  <profileDesc>
    <creation>From WLC 4.20 provided by the Groves Center.</creation>
    <date>25 Jan 2016</date>
    <langUsage>
      <language ident="HE">Hebrew</language>
    </langUsage>
  </profileDesc>
</teiHeader>
<tanach>
  <book>
    <names>
      <name>Hosea</name>
      <abbrev>Hos</abbrev>
      <number>15</number>
      <filename>Hosea</filename>
      <hebrewname>הושע</hebrewname>
    </names>
    <c n="1">
      <v n="1">
        <w>דְּבַר־</w>
        <w>יְהוָ֣ה ׀</w>
        <w>אֲשֶׁ֣ר</w>
        <w>הָיָ֗ה</w>
        <w>אֶל־</w>
        <w>הוֹשֵׁ֙עַ֙</w>
        <w>בֶּן־</w>
        <w>בְּאֵרִ֔י</w>
        <w>בִּימֵ֨י</w>
        <w>עֻזִּיָּ֥ה</w>
        <w>יוֹתָ֛ם</w>
        <w>אָחָ֥ז</w>
        <w>יְחִזְקִיָּ֖ה</w>
        <w>מַלְכֵ֣י</w>
        <w>יְהוּדָ֑ה</w>
        <w>וּבִימֵ֛י</w>
        <w>יָרָבְעָ֥ם</w>
        <w>בֶּן־</w>
        <w>יוֹאָ֖שׁ</w>
        <w>מֶ֥לֶךְ</w>
        <w>יִשְׂרָאֵֽל׃</w>
      </v>
      <v n="2">
        <w>תְּחִלַּ֥ת</w>
        <w>דִּבֶּר־</w>
        <w>יְהוָ֖ה</w>
        <w>בְּהוֹשֵׁ֑עַ</w>
        <pe/>
        <w>וַיֹּ֨אמֶר</w>
        <w>יְהוָ֜ה</w>
        <w>אֶל־</w>
        <w>הוֹשֵׁ֗עַ</w>
        <w>לֵ֣ךְ</w>
        <w>קַח־</w>
        <w>לְךָ֞</w>
        <w>אֵ֤שֶׁת</w>
        <w>זְנוּנִים֙</w>
        <w>וְיַלְדֵ֣י</w>
        <w>זְנוּנִ֔ים</w>
        <w>כִּֽי־</w>
        <w>זָנֹ֤ה</w>
        <w>תִזְנֶה֙</w>
        <w>הָאָ֔רֶץ</w>
        <w>מֵֽאַחֲרֵ֖י</w>
        <w>יְהוָֽה׃</w>
      </v>
      <v n="3">
        <w>וַיֵּ֙לֶךְ֙</w>
        <w>וַיִּקַּ֔ח</w>
        <w>אֶת־</w>
        <w>גֹּ֖מֶר</w>
        <w>בַּת־</w>
        <w>דִּבְלָ֑יִם</w>
        <w>וַתַּ֥הַר</w>
        <w>וַתֵּֽלֶד־</w>
        <w>ל֖וֹ</w>
        <w>בֵּֽן׃</w>
      </v>
      <v n="4">
        <w>וַיֹּ֤אמֶר</w>
        <w>יְהוָה֙</w>
        <w>אֵלָ֔יו</w>
        <w>קְרָ֥א</w>
        <w>שְׁמ֖וֹ</w>
        <w>יִזְרְעֶ֑אל</w>
        <w>כִּי־</w>
        <w>ע֣וֹד</w>
        <w>מְעַ֗ט</w>
        <w>וּפָ֨קַדְתִּ֜י</w>
        <w>אֶת־</w>
        <w>דְּמֵ֤י</w>
        <w>יִזְרְעֶאל֙</w>
        <w>עַל־</w>
        <w>בֵּ֣ית</w>
        <w>יֵה֔וּא</w>
        <w>וְהִ֨שְׁבַּתִּ֔י</w>
        <w>מַמְלְכ֖וּת</w>
        <w>בֵּ֥ית</w>
        <w>יִשְׂרָאֵֽל׃</w>
      </v>
      <v n="5">
        <w>וְהָיָ֖ה</w>
        <w>בַּיּ֣וֹם</w>
        <w>הַה֑וּא</w>
        <w>וְשָֽׁבַרְתִּי֙</w>
        <w>אֶת־</w>
        <w>קֶ֣שֶׁת</w>
        <w>יִשְׂרָאֵ֔ל</w>
        <w>בְּעֵ֖מֶק</w>
        <w>יִזְרְעֶֽאל׃</w>
      </v>
      <v n="6">
        <w>וַתַּ֤הַר</w>
        <w>עוֹד֙</w>
        <w>וַתֵּ֣לֶד</w>
        <w>בַּ֔ת</w>
        <w>וַיֹּ֣אמֶר</w>
        <w>ל֔וֹ</w>
        <w>קְרָ֥א</w>
        <w>שְׁמָ֖הּ</w>
        <w>לֹ֣א</w>
        <w>רֻחָ֑מָה</w>
        <w>כִּי֩</w>
        <w>לֹ֨א</w>
        <w>אוֹסִ֜יף</w>
        <w>ע֗וֹד</w>
        <w>אֲרַחֵם֙</w>
        <w>אֶת־</w>
        <w>בֵּ֣ית</w>
        <w>יִשְׂרָאֵ֔ל</w>
        <w>כִּֽי־</w>
        <w>נָשֹׂ֥א</w>
        <w>אֶשָּׂ֖א</w>
        <w>לָהֶֽם׃</w>
      </v>
      <v n="7">
        <w>וְאֶת־</w>
        <w>בֵּ֤ית</w>
        <w>יְהוּדָה֙</w>
        <w>אֲרַחֵ֔ם</w>
        <w>וְהֽוֹשַׁעְתִּ֖ים</w>
        <w>בַּיהוָ֣ה</w>
        <w>אֱלֹֽהֵיהֶ֑ם</w>
        <w>וְלֹ֣א</w>
        <w>אֽוֹשִׁיעֵ֗ם</w>
        <w>בְּקֶ֤שֶׁת</w>
        <w>וּבְחֶ֙רֶב֙</w>
        <w>וּבְמִלְחָמָ֔ה</w>
        <w>בְּסוּסִ֖ים</w>
        <w>וּבְפָרָשִֽׁים׃</w>
      </v>
      <v n="8">
        <w>וַתִּגְמֹ֖ל</w>
        <w>אֶת־</w>
        <w>לֹ֣א</w>
        <w>רֻחָ֑מָה</w>
        <w>וַתַּ֖הַר</w>
        <w>וַתֵּ֥לֶד</w>
        <w>בֵּֽן׃</w>
      </v>
      <v n="9">
        <w>וַיֹּ֕אמֶר</w>
        <w>קְרָ֥א</w>
        <w>שְׁמ֖וֹ</w>
        <w>לֹ֣א</w>
        <w>עַמִּ֑י</w>
        <w>כִּ֤י</w>
        <w>אַתֶּם֙</w>
        <w>לֹ֣א</w>
        <w>עַמִּ֔י</w>
        <w>וְאָנֹכִ֖י</w>
        <w>לֹֽא־</w>
        <w>אֶהְיֶ֥ה</w>
        <w>לָכֶֽם׃</w>
        <samekh/>
      </v>
      <vs>9</vs>
    </c>
    <c n="2">
      <v n="1">
        <w>וְֽ֠הָיָה</w>
        <w>מִסְפַּ֤ר</w>
        <w>בְּנֵֽי־</w>
        <w>יִשְׂרָאֵל֙</w>
        <w>כְּח֣וֹל</w>
        <w>הַיָּ֔ם</w>
        <w>אֲשֶׁ֥ר</w>
        <w>לֹֽא־</w>
        <w>יִמַּ֖ד</w>
        <w>וְלֹ֣א</w>
        <w>יִסָּפֵ֑ר</w>
        <w>וְֽ֠הָיָה</w>
        <w>בִּמְק֞וֹם</w>
        <w>אֲשֶׁר־</w>
        <w>יֵאָמֵ֤ר</w>
        <w>לָהֶם֙</w>
        <w>לֹֽא־</w>
        <w>עַמִּ֣י</w>
        <w>אַתֶּ֔ם</w>
        <w>יֵאָמֵ֥ר</w>
        <w>לָהֶ֖ם</w>
        <w>בְּנֵ֥י</w>
        <w>אֵֽל־</w>
        <w>חָֽי׃</w>
      </v>
      <v n="2">
        <w>וְ֠נִקְבְּצוּ</w>
        <w>בְּנֵֽי־</w>
        <w>יְהוּדָ֤ה</w>
        <w>וּבְנֵֽי־</w>
        <w>יִשְׂרָאֵל֙</w>
        <w>יַחְדָּ֔ו</w>
        <w>וְשָׂמ֥וּ</w>
        <w>לָהֶ֛ם</w>
        <w>רֹ֥אשׁ</w>
        <w>אֶחָ֖ד</w>
        <w>וְעָל֣וּ</w>
        <w>מִן־</w>
        <w>הָאָ֑רֶץ</w>
        <w>כִּ֥י</w>
        <w>גָד֖וֹל</w>
        <w>י֥וֹם</w>
        <w>יִזְרְעֶֽאל׃</w>
      </v>
      <v n="3">
        <w>אִמְר֥וּ</w>
        <w>לַאֲחֵיכֶ֖ם</w>
        <w>עַמִּ֑י</w>
        <w>וְלַאֲחֽוֹתֵיכֶ֖ם</w>
        <w>רֻחָֽמָה׃</w>
      </v>
      <v n="4">
        <w>רִ֤יבוּ</w>
        <w>בְאִמְּכֶם֙</w>
        <w>רִ֔יבוּ</w>
        <w>כִּֽי־</w>
        <w>הִיא֙</w>
        <w>לֹ֣א</w>
        <w>אִשְׁתִּ֔י</w>
        <w>וְאָנֹכִ֖י</w>
        <w>לֹ֣א</w>
        <w>אִישָׁ֑הּ</w>
        <w>וְתָסֵ֤ר</w>
        <w>זְנוּנֶ֙יהָ֙</w>
        <w>מִפָּנֶ֔יה</w>
        <w>וְנַאֲפוּפֶ֖יהָ</w>
        <w>מִבֵּ֥ין</w>
        <w>שָׁדֶֽיהָ׃</w>
      </v>
      <v n="5">
        <w>פֶּן־</w>
        <w>אַפְשִׁיטֶ֣נָּה</w>
        <w>עֲרֻמָּ֔ה</w>
        <w>וְהִ֨צַּגְתִּ֔יהָ</w>
        <w>כְּי֖וֹם</w>
        <w>הִוָּֽלְדָ֑הּ</w>
        <w>וְשַׂמְתִּ֣יהָ</w>
        <w>כַמִּדְבָּ֗ר</w>
        <w>וְשַׁתִּ֙הָ֙</w>
        <w>כְּאֶ֣רֶץ</w>
        <w>צִיָּ֔ה</w>
        <w>וַהֲמִתִּ֖יהָ</w>
        <w>בַּצָּמָֽא׃</w>
      </v>
      <v n="6">
        <w>וְאֶת־</w>
        <w>בָּנֶ֖יהָ</w>
        <w>לֹ֣א</w>
        <w>אֲרַחֵ֑ם</w>
        <w>כִּֽי־</w>
        <w>בְנֵ֥י</w>
        <w>זְנוּנִ֖ים</w>
        <w>הֵֽמָּה׃</w>
      </v>
      <v n="7">
        <w>כִּ֤י</w>
        <w>זָֽנְתָה֙</w>
        <w>אִמָּ֔ם</w>
        <w>הֹבִ֖ישָׁה</w>
        <w>הֽוֹרָתָ֑ם</w>
        <w>כִּ֣י</w>
        <w>אָמְרָ֗ה</w>
        <w>אֵלְכָ֞ה</w>
        <w>אַחֲרֵ֤י</w>
        <w>מְאַהֲבַי֙</w>
        <w>נֹתְנֵ֤י</w>
        <w>לַחְמִי֙</w>
        <w>וּמֵימַ֔י</w>
        <w>צַמְרִ֣י</w>
        <w>וּפִשְׁתִּ֔י</w>
        <w>שַׁמְנִ֖י</w>
        <w>וְשִׁקּוּיָֽי׃</w>
      </v>
      <v n="8">
        <w>לָכֵ֛ן</w>
        <w>הִנְנִי־</w>
        <w>שָׂ֥ךְ</w>
        <w>אֶת־</w>
        <w>דַּרְכֵּ֖ךְ</w>
        <w>בַּסִּירִ֑ים</w>
        <w>וְגָֽדַרְתִּי֙</w>
        <w>אֶת־</w>
        <w>גְּדֵרָ֔הּ</w>
        <w>וּנְתִיבוֹתֶ֖יהָ</w>
        <w>לֹ֥א</w>
        <w>תִמְצָֽא׃</w>
      </v>
      <v n="9">
        <w>וְרִדְּפָ֤ה</w>
        <w>אֶת־</w>
        <w>מְאַהֲבֶ֙יהָ֙</w>
        <w>וְלֹֽא־</w>
        <w>תַשִּׂ֣יג</w>
        <w>אֹתָ֔ם</w>
        <w>וּבִקְשָׁ֖תַם</w>
        <w>וְלֹ֣א</w>
        <w>תִמְצָ֑א</w>
        <w>וְאָמְרָ֗ה</w>
        <w>אֵלְכָ֤ה</w>
        <w>וְאָשׁ֙וּבָה֙</w>
        <w>אֶל־</w>
        <w>אִישִׁ֣י</w>
        <w>הָֽרִאשׁ֔וֹן</w>
        <w>כִּ֣י</w>
        <w>ט֥וֹב</w>
        <w>לִ֛י</w>
        <w>אָ֖ז</w>
        <w>מֵעָֽתָּה׃</w>
      </v>
      <v n="10">
        <w>וְהִיא֙</w>
        <w>לֹ֣א</w>
        <w>יָֽדְעָ֔ה</w>
        <w>כִּ֤י</w>
        <w>אָֽנֹכִי֙</w>
        <w>נָתַ֣תִּי</w>
        <w>לָ֔הּ</w>
        <w>הַדָּגָ֖ן</w>
        <w>וְהַתִּיר֣וֹשׁ</w>
        <w>וְהַיִּצְהָ֑ר</w>
        <w>וְכֶ֨סֶף</w>
        <w>הִרְבֵּ֥יתִי</w>
        <w>לָ֛הּ</w>
        <w>וְזָהָ֖ב</w>
        <w>עָשׂ֥וּ</w>
        <w>לַבָּֽעַל׃</w>
      </v>
      <v n="11">
        <w>לָכֵ֣ן</w>
        <w>אָשׁ֔וּב</w>
        <w>וְלָקַחְתִּ֤י</w>
        <w>דְגָנִי֙</w>
        <w>בְּעִתּ֔וֹ</w>
        <w>וְתִירוֹשִׁ֖י</w>
        <w>בְּמֽוֹעֲד֑וֹ</w>
        <w>וְהִצַּלְתִּי֙</w>
        <w>צַמְרִ֣י</w>
        <w>וּפִשְׁתִּ֔י</w>
        <w>לְכַסּ֖וֹת</w>
        <w>אֶת־</w>
        <w>עֶרְוָתָֽהּ׃</w>
      </v>
      <v n="12">
        <w>וְעַתָּ֛ה</w>
        <w>אֲגַלֶּ֥ה</w>
        <w>אֶת־</w>
        <w>נַבְלֻתָ֖הּ</w>
        <w>לְעֵינֵ֣י</w>
        <w>מְאַהֲבֶ֑יהָ</w>
        <w>וְאִ֖ישׁ</w>
        <w>לֹֽא־</w>
        <w>יַצִּילֶ֥נָּה</w>
        <w>מִיָּדִֽי׃</w>
      </v>
      <v n="13">
        <w>וְהִשְׁבַּתִּי֙</w>
        <w>כָּל־</w>
        <w>מְשׂוֹשָׂ֔הּ</w>
        <w>חַגָּ֖הּ</w>
        <w>חָדְשָׁ֣הּ</w>
        <w>וְשַׁבַּתָּ֑הּ</w>
        <w>וְכֹ֖ל</w>
        <w>מוֹעֲדָֽהּ׃</w>
      </v>
      <v n="14">
        <w>וַהֲשִׁמֹּתִ֗י</w>
        <w>גַּפְנָהּ֙</w>
        <w>וּתְאֵ֣נָתָ֔הּ</w>
        <w>אֲשֶׁ֣ר</w>
        <w>אָמְרָ֗ה</w>
        <w>אֶתְנָ֥ה</w>
        <w>הֵ֙מָּה֙</w>
        <w>לִ֔י</w>
        <w>אֲשֶׁ֥ר</w>
        <w>נָֽתְנוּ־</w>
        <w>לִ֖י</w>
        <w>מְאַֽהֲבָ֑י</w>
        <w>וְשַׂמְתִּ֣ים</w>
        <w>לְיַ֔עַר</w>
        <w>וַאֲכָלָ֖תַם</w>
        <w>חַיַּ֥ת</w>
        <w>הַשָּׂדֶֽה׃</w>
      </v>
      <v n="15">
        <w>וּפָקַדְתִּ֣י</w>
        <w>עָלֶ֗יהָ</w>
        <w>אֶת־</w>
        <w>יְמֵ֤י</w>
        <w>הַבְּעָלִים֙</w>
        <w>אֲשֶׁ֣ר</w>
        <w>תַּקְטִ֣יר</w>
        <w>לָהֶ֔ם</w>
        <w>וַתַּ֤עַד</w>
        <w>נִזְמָהּ֙</w>
        <w>וְחֶלְיָתָ֔הּ</w>
        <w>וַתֵּ֖לֶךְ</w>
        <w>אַחֲרֵ֣י</w>
        <w>מְאַהֲבֶ֑יהָ</w>
        <w>וְאֹתִ֥י</w>
        <w>שָׁכְחָ֖ה</w>
        <w>נְאֻם־</w>
        <w>יְהוָֽה׃</w>
        <pe/>
      </v>
      <v n="16">
        <w>לָכֵ֗ן</w>
        <w>הִנֵּ֤ה</w>
        <w>אָֽנֹכִי֙</w>
        <w>מְפַתֶּ֔יהָ</w>
        <w>וְהֹֽלַכְתִּ֖יהָ</w>
        <w>הַמִּדְבָּ֑ר</w>
        <w>וְדִבַּרְתִּ֖י</w>
        <w>עַל<x>c</x>
</w>
        <w>לִבָּֽהּ׃</w>
      </v>
      <v n="17">
        <w>וְנָתַ֨תִּי</w>
        <w>לָ֤הּ</w>
        <w>אֶת־</w>
        <w>כְּרָמֶ֙יהָ֙</w>
        <w>מִשָּׁ֔ם</w>
        <w>וְאֶת־</w>
        <w>עֵ֥מֶק</w>
        <w>עָכ֖וֹר</w>
        <w>לְפֶ֣תַח</w>
        <w>תִּקְוָ֑ה</w>
        <w>וְעָ֤נְתָה</w>
        <w>שָּׁ֙מָּה֙</w>
        <w>כִּימֵ֣י</w>
        <w>נְעוּרֶ֔יהָ</w>
        <w>וִּכְי֖וֹם</w>
        <w>עֲלֹתָ֥הּ</w>
        <w>מֵאֶֽרֶץ־</w>
        <w>מִצְרָֽיִם׃</w>
        <samekh/>
      </v>
      <v n="18">
        <w>וְהָיָ֤ה</w>
        <w>בַיּוֹם־</w>
        <w>הַהוּא֙</w>
        <w>נְאֻם־</w>
        <w>יְהוָ֔ה</w>
        <w>תִּקְרְאִ֖י</w>
        <w>אִישִׁ֑י</w>
        <w>וְלֹֽא־</w>
        <w>תִקְרְאִי־</w>
        <w>לִ֥י</w>
        <w>ע֖וֹד</w>
        <w>בַּעְלִֽי׃</w>
      </v>
      <v n="19">
        <w>וַהֲסִרֹתִ֛י</w>
        <w>אֶת־</w>
        <w>שְׁמ֥וֹת</w>
        <w>הַבְּעָלִ֖ים</w>
        <w>מִפִּ֑יהָ</w>
        <w>וְלֹֽא־</w>
        <w>יִזָּכְר֥וּ</w>
        <w>ע֖וֹד</w>
        <w>בִּשְׁמָֽם׃</w>
      </v>
      <v n="20">
        <w>וְכָרַתִּ֨י</w>
        <w>לָהֶ֤ם</w>
        <w>בְּרִית֙</w>
        <w>בַּיּ֣וֹם</w>
        <w>הַה֔וּא</w>
        <w>עִם־</w>
        <w>חַיַּ֤ת</w>
        <w>הַשָּׂדֶה֙</w>
        <w>וְעִם־</w>
        <w>ע֣וֹף</w>
        <w>הַשָּׁמַ֔יִם</w>
        <w>וְרֶ֖מֶשׂ</w>
        <w>הָֽאֲדָמָ֑ה</w>
        <w>וְקֶ֨שֶׁת</w>
        <w>וְחֶ֤רֶב</w>
        <w>וּמִלְחָמָה֙</w>
        <w>אֶשְׁבּ֣וֹר</w>
        <w>מִן־</w>
        <w>הָאָ֔רֶץ</w>
        <w>וְהִשְׁכַּבְתִּ֖ים</w>
        <w>לָבֶֽטַח׃</w>
      </v>
      <v n="21">
        <w>וְאֵרַשְׂתִּ֥יךְ</w>
        <w>לִ֖י</w>
        <w>לְעוֹלָ֑ם</w>
        <w>וְאֵרַשְׂתִּ֥יךְ</w>
        <w>לִי֙</w>
        <w>בְּצֶ֣דֶק</w>
        <w>וּבְמִשְׁפָּ֔ט</w>
        <w>וּבְחֶ֖סֶד</w>
        <w>וּֽבְרַחֲמִֽים׃</w>
      </v>
      <v n="22">
        <w>וְאֵרַשְׂתִּ֥יךְ</w>
        <w>לִ֖י</w>
        <w>בֶּאֱמוּנָ֑ה</w>
        <w>וְיָדַ֖עַתְּ</w>
        <w>אֶת־</w>
        <w>יְהוָֽה׃</w>
        <samekh/>
      </v>
      <v n="23">
        <w>וְהָיָ֣ה ׀</w>
        <w>בַּיּ֣וֹם</w>
        <w>הַה֗וּא</w>
        <w>אֶֽעֱנֶה֙</w>
        <w>נְאֻם־</w>
        <w>יְהוָ֔ה</w>
        <w>אֶעֱנֶ֖ה</w>
        <w>אֶת־</w>
        <w>הַשָּׁמָ֑יִם</w>
        <w>וְהֵ֖ם</w>
        <w>יַעֲנ֥וּ</w>
        <w>אֶת־</w>
        <w>הָאָֽרֶץ׃</w>
      </v>
      <v n="24">
        <w>וְהָאָ֣רֶץ</w>
        <w>תַּעֲנֶ֔ה</w>
        <w>אֶת־</w>
        <w>הַדָּגָ֖ן</w>
        <w>וְאֶת־</w>
        <w>הַתִּיר֣וֹשׁ</w>
        <w>וְאֶת־</w>
        <w>הַיִּצְהָ֑ר</w>
        <w>וְהֵ֖ם</w>
        <w>יַעֲנ֥וּ</w>
        <w>אֶֽת־</w>
        <w>יִזְרְעֶֽאל׃</w>
      </v>
      <v n="25">
        <w>וּזְרַעְתִּ֤יהָ</w>
        <w>לִּי֙</w>
        <w>בָּאָ֔רֶץ</w>
        <w>וְרִֽחַמְתִּ֖י</w>
        <w>אֶת־</w>
        <w>לֹ֣א</w>
        <w>רֻחָ֑מָה</w>
        <w>וְאָמַרְתִּ֤י</w>
        <w>לְלֹֽא־</w>
        <w>עַמִּי֙</w>
        <w>עַמִּי־</w>
        <w>אַ֔תָּה</w>
        <w>וְה֖וּא</w>
        <w>יֹאמַ֥ר</w>
        <w>אֱלֹהָֽי׃</w>
        <pe/>
      </v>
      <vs>25</vs>
    </c>
    <c n="3">
      <v n="1">
        <w>וַיֹּ֨אמֶר</w>
        <w>יְהוָ֜ה</w>
        <w>אֵלַ֗י</w>
        <w>ע֚וֹד</w>
        <w>לֵ֣ךְ</w>
        <w>אֱ‍ֽהַב־</w>
        <w>אִשָּׁ֔ה</w>
        <w>אֲהֻ֥בַת</w>
        <w>רֵ֖עַ</w>
        <w>וּמְנָאָ֑פֶת</w>
        <w>כְּאַהֲבַ֤ת</w>
        <w>יְהוָה֙</w>
        <w>אֶת־</w>
        <w>בְּנֵ֣י</w>
        <w>יִשְׂרָאֵ֔ל</w>
        <w>וְהֵ֗ם</w>
        <w>פֹּנִים֙</w>
        <w>אֶל־</w>
        <w>אֱלֹהִ֣ים</w>
        <w>אֲחֵרִ֔ים</w>
        <w>וְאֹהֲבֵ֖י</w>
        <w>אֲשִׁישֵׁ֥י</w>
        <w>עֲנָבִֽים׃</w>
      </v>
      <v n="2">
        <w>וָאֶכְּרֶ֣הָ</w>
        <w>לִּ֔י</w>
        <w>בַּחֲמִשָּׁ֥ה</w>
        <w>עָשָׂ֖ר</w>
        <w>כָּ֑סֶף</w>
        <w>וְחֹ֥מֶר</w>
        <w>שְׂעֹרִ֖ים</w>
        <w>וְלֵ֥תֶךְ</w>
        <w>שְׂעֹרִֽים׃</w>
      </v>
      <v n="3">
        <w>וָאֹמַ֣ר</w>
        <w>אֵלֶ֗יהָ</w>
        <w>יָמִ֤ים</w>
        <w>רַבִּים֙</w>
        <w>תֵּ֣שְׁבִי</w>
        <w>לִ֔י</w>
        <w>לֹ֣א</w>
        <w>תִזְנִ֔י</w>
        <w>וְלֹ֥א</w>
        <w>תִֽהְיִ֖י</w>
        <w>לְאִ֑ישׁ</w>
        <w>וְגַם־</w>
        <w>אֲנִ֖י</w>
        <w>אֵלָֽיִךְ׃</w>
      </v>
      <v n="4">
        <w>כִּ֣י ׀</w>
        <w>יָמִ֣ים</w>
        <w>רַבִּ֗ים</w>
        <w>יֵֽשְׁבוּ֙</w>
        <w>בְּנֵ֣י</w>
        <w>יִשְׂרָאֵ֔ל</w>
        <w>אֵ֥ין</w>
        <w>מֶ֙לֶךְ֙</w>
        <w>וְאֵ֣ין</w>
        <w>שָׂ֔ר</w>
        <w>וְאֵ֥ין</w>
        <w>זֶ֖בַח</w>
        <w>וְאֵ֣ין</w>
        <w>מַצֵּבָ֑ה</w>
        <w>וְאֵ֥ין</w>
        <w>אֵפ֖וֹד</w>
        <w>וּתְרָפִֽים׃</w>
      </v>
      <v n="5">
        <w>אַחַ֗ר</w>
        <w>יָשֻׁ֙בוּ֙</w>
        <w>בְּנֵ֣י</w>
        <w>יִשְׂרָאֵ֔ל</w>
        <w>וּבִקְשׁוּ֙</w>
        <w>אֶת־</w>
        <w>יְהוָ֣ה</w>
        <w>אֱלֹהֵיהֶ֔ם</w>
        <w>וְאֵ֖ת</w>
        <w>דָּוִ֣ד</w>
        <w>מַלְכָּ֑ם</w>
        <w>וּפָחֲד֧וּ</w>
        <w>אֶל־</w>
        <w>יְהוָ֛ה</w>
        <w>וְאֶל־</w>
        <w>טוּב֖וֹ</w>
        <w>בְּאַחֲרִ֥ית</w>
        <w>הַיָּמִֽים׃</w>
        <pe/>
      </v>
      <vs>5</vs>
    </c>
    <c n="4">
      <v n="1">
        <w>שִׁמְע֥וּ</w>
        <w>דְבַר־</w>
        <w>יְהוָ֖ה</w>
        <w>בְּנֵ֣י</w>
        <w>יִשְׂרָאֵ֑ל</w>
        <w>כִּ֣י</w>
        <w>רִ֤יב</w>
        <w>לַֽיהוָה֙</w>
        <w>עִם־</w>
        <w>יוֹשְׁבֵ֣י</w>
        <w>הָאָ֔רֶץ</w>
        <w>כִּ֠י</w>
        <w>אֵין־</w>
        <w>אֱמֶ֧ת</w>
        <w>וְֽאֵין־</w>
        <w>חֶ֛סֶד</w>
        <w>וְאֵֽין־</w>
        <w>דַּ֥עַת</w>
        <w>אֱלֹהִ֖ים</w>
        <w>בָּאָֽרֶץ׃</w>
      </v>
      <v n="2">
        <w>אָלֹ֣ה</w>
        <w>וְכַחֵ֔שׁ</w>
        <w>וְרָצֹ֥חַ</w>
        <w>וְגָנֹ֖ב</w>
        <w>וְנָאֹ֑ף</w>
        <w>פָּרָ֕צוּ</w>
        <w>וְדָמִ֥ים</w>
        <w>בְּדָמִ֖ים</w>
        <w>נָגָֽעוּ׃</w>
      </v>
      <v n="3">
        <w>עַל־</w>
        <w>כֵּ֣ן ׀</w>
        <w>תֶּאֱבַ֣ל</w>
        <w>הָאָ֗רֶץ</w>
        <w>וְאֻמְלַל֙</w>
        <w>כָּל־</w>
        <w>יוֹשֵׁ֣ב</w>
        <w>בָּ֔הּ</w>
        <w>בְּחַיַּ֥ת</w>
        <w>הַשָּׂדֶ֖ה</w>
        <w>וּבְע֣וֹף</w>
        <w>הַשָּׁמָ֑יִם</w>
        <w>וְגַם־</w>
        <w>דְּגֵ֥י</w>
        <w>הַיָּ֖ם</w>
        <w>יֵאָסֵֽפוּ׃</w>
      </v>
      <v n="4">
        <w>אַ֥ךְ</w>
        <w>אִ֛ישׁ</w>
        <w>אַל־</w>
        <w>יָרֵ֖ב</w>
        <w>וְאַל־</w>
        <w>יוֹכַ֣ח</w>
        <w>אִ֑ישׁ</w>
        <w>וְעַמְּךָ֖</w>
        <w>כִּמְרִיבֵ֥י</w>
        <w>כֹהֵֽן׃</w>
      </v>
      <v n="5">
        <w>וְכָשַׁלְתָּ֣</w>
        <w>הַיּ֔וֹם</w>
        <w>וְכָשַׁ֧ל</w>
        <w>גַּם־</w>
        <w>נָבִ֛יא</w>
        <w>עִמְּךָ֖</w>
        <w>לָ֑יְלָה</w>
        <w>וְדָמִ֖יתִי</w>
        <w>אִמֶּֽךָ׃</w>
      </v>
      <v n="6">
        <w>נִדְמ֥וּ</w>
        <w>עַמִּ֖י</w>
        <w>מִבְּלִ֣י</w>
        <w>הַדָּ֑עַת</w>
        <w>כִּֽי־</w>
        <w>אַתָּ֞ה</w>
        <w>הַדַּ֣עַת</w>
        <w>מָאַ֗סְתָּ</w>
        <w>וְאֶמְאָֽסְאךָ֙</w>
        <w>מִכַּהֵ֣ן</w>
        <w>לִ֔י</w>
        <w>וַתִּשְׁכַּח֙</w>
        <w>תּוֹרַ֣ת</w>
        <w>אֱלֹהֶ֔יךָ</w>
        <w>אֶשְׁכַּ֥ח</w>
        <w>בָּנֶ֖יךָ</w>
        <w>גַּם־</w>
        <w>אָֽנִי׃</w>
      </v>
      <v n="7">
        <w>כְּרֻבָּ֖ם</w>
        <w>כֵּ֣ן</w>
        <w>חָֽטְאוּ־</w>
        <w>לִ֑י</w>
        <w>כְּבוֹדָ֖ם</w>
        <w>בְּקָל֥וֹן</w>
        <w>אָמִֽיר׃</w>
      </v>
      <v n="8">
        <w>חַטַּ֥את</w>
        <w>עַמִּ֖י</w>
        <w>יֹאכֵ֑לוּ</w>
        <w>וְאֶל־</w>
        <w>עֲוֺנָ֖ם</w>
        <w>יִשְׂא֥וּ</w>
        <w>נַפְשֽׁוֹ׃</w>
      </v>
      <v n="9">
        <w>וְהָיָ֥ה</w>
        <w>כָעָ֖ם</w>
        <w>כַּכֹּהֵ֑ן</w>
        <w>וּפָקַדְתִּ֤י</w>
        <w>עָלָיו֙</w>
        <w>דְּרָכָ֔יו</w>
        <w>וּמַעֲלָלָ֖יו</w>
        <w>אָשִׁ֥יב</w>
        <w>לֽוֹ׃</w>
      </v>
      <v n="10">
        <w>וְאָֽכְלוּ֙</w>
        <w>וְלֹ֣א</w>
        <w>יִשְׂבָּ֔עוּ</w>
        <w>הִזְנ֖וּ</w>
        <w>וְלֹ֣א</w>
        <w>יִפְרֹ֑צוּ</w>
        <w>כִּֽי־</w>
        <w>אֶת־</w>
        <w>יְהוָ֥ה</w>
        <w>עָזְב֖וּ</w>
        <w>לִשְׁמֹֽר׃</w>
      </v>
      <v n="11">
        <w>זְנ֛וּת</w>
        <w>וְיַ֥יִן</w>
        <w>וְתִיר֖וֹשׁ</w>
        <w>יִֽקַּֽח־</w>
        <w>לֵֽב׃</w>
      </v>
      <v n="12">
        <w>עַמִּי֙</w>
        <w>בְּעֵצ֣וֹ</w>
        <w>יִשְׁאָ֔ל</w>
        <w>וּמַקְל֖וֹ</w>
        <w>יַגִּ֣יד</w>
        <w>ל֑וֹ</w>
        <w>כִּ֣י</w>
        <w>ר֤וּחַ</w>
        <w>זְנוּנִים֙</w>
        <w>הִתְעָ֔ה</w>
        <w>וַיִּזְנ֖וּ</w>
        <w>מִתַּ֥חַת</w>
        <w>אֱלֹהֵיהֶֽם׃</w>
      </v>
      <v n="13">
        <w>עַל־</w>
        <w>רָאשֵׁ֨י</w>
        <w>הֶהָרִ֜ים</w>
        <w>יְזַבֵּ֗חוּ</w>
        <w>וְעַל־</w>
        <w>הַגְּבָעוֹת֙</w>
        <w>יְקַטֵּ֔רוּ</w>
        <w>תַּ֣חַת</w>
        <w>אַלּ֧וֹן</w>
        <w>וְלִבְנֶ֛ה</w>
        <w>וְאֵלָ֖ה</w>
        <w>כִּ֣י</w>
        <w>ט֣וֹב</w>
        <w>צִלָּ֑הּ</w>
        <w>עַל־</w>
        <w>כֵּ֗ן</w>
        <w>תִּזְנֶ֙ינָה֙</w>
        <w>בְּנ֣וֹתֵיכֶ֔ם</w>
        <w>וְכַלּוֹתֵיכֶ֖ם</w>
        <w>תְּנָאַֽפְנָה׃</w>
      </v>
      <v n="14">
        <w>לֹֽא־</w>
        <w>אֶפְק֨וֹד</w>
        <w>עַל־</w>
        <w>בְּנוֹתֵיכֶ֜ם</w>
        <w>כִּ֣י</w>
        <w>תִזְנֶ֗ינָה</w>
        <w>וְעַל־</w>
        <w>כַּלּֽוֹתֵיכֶם֙</w>
        <w>כִּ֣י</w>
        <w>תְנָאַ֔פְנָה</w>
        <w>כִּי־</w>
        <w>הֵם֙</w>
        <w>עִם־</w>
        <w>הַזֹּנ֣וֹת</w>
        <w>יְפָרֵ֔דוּ</w>
        <w>וְעִם־</w>
        <w>הַקְּדֵשׁ֖וֹת</w>
        <w>יְזַבֵּ֑חוּ</w>
        <w>וְעָ֥ם</w>
        <w>לֹֽא־</w>
        <w>יָבִ֖ין</w>
        <w>יִלָּבֵֽט׃</w>
      </v>
      <v n="15">
        <w>אִם־</w>
        <w>זֹנֶ֤ה</w>
        <w>אַתָּה֙</w>
        <w>יִשְׂרָאֵ֔ל</w>
        <w>אַל־</w>
        <w>יֶאְשַׁ֖ם</w>
        <w>יְהוּדָ֑ה</w>
        <w>וְאַל־</w>
        <w>תָּבֹ֣אוּ</w>
        <w>הַגִּלְגָּ֗ל</w>
        <w>וְאַֽל־</w>
        <w>תַּעֲלוּ֙</w>
        <w>בֵּ֣ית</w>
        <w>אָ֔וֶן</w>
        <w>וְאַל־</w>
        <w>תִּשָּׁבְע֖וּ</w>
        <w>חַי־</w>
        <w>יְהוָֽה׃</w>
      </v>
      <v n="16">
        <w>כִּ֚י</w>
        <w>כְּפָרָ֣ה</w>
        <w>סֹֽרֵרָ֔ה</w>
        <w>סָרַ֖ר</w>
        <w>יִשְׂרָאֵ֑ל</w>
        <w>עַתָּה֙</w>
        <w>יִרְעֵ֣ם</w>
        <w>יְהוָ֔ה</w>
        <w>כְּכֶ֖בֶשׂ</w>
        <w>בַּמֶּרְחָֽב׃</w>
      </v>
      <v n="17">
        <w>חֲב֧וּר</w>
        <w>עֲצַבִּ֛ים</w>
        <w>אֶפְרָ֖יִם</w>
        <w>הַֽנַּֽח־</w>
        <w>לֽוֹ׃</w>
      </v>
      <v n="18">
        <w>סָ֖ר</w>
        <w>סָבְאָ֑ם</w>
        <w>הַזְנֵ֣ה</w>
        <w>הִזְנ֔וּ</w>
        <w>אָהֲב֥וּ</w>
        <w>הֵב֛וּ</w>
        <w>קָל֖וֹן</w>
        <w>מָגִנֶּֽיהָ׃</w>
      </v>
      <v n="19">
        <w>צָרַ֥ר</w>
        <w>ר֛וּחַ</w>
        <w>אוֹתָ֖הּ</w>
        <w>בִּכְנָפֶ֑יהָ</w>
        <w>וְיֵבֹ֖שׁוּ</w>
        <w>מִזִּבְחוֹתָֽם</w>
        <samekh/>
      </v>
      <vs>19</vs>
    </c>
    <c n="5">
      <v n="1">
        <w>שִׁמְעוּ־</w>
        <w>זֹ֨את</w>
        <w>הַכֹּהֲנִ֜ים</w>
        <w>וְהַקְשִׁ֣יבוּ ׀</w>
        <w>בֵּ֣ית</w>
        <w>יִשְׂרָאֵ֗ל</w>
        <w>וּבֵ֤ית</w>
        <w>הַמֶּ֙לֶךְ֙</w>
        <w>הַאֲזִ֔ינוּ</w>
        <w>כִּ֥י</w>
        <w>לָכֶ֖ם</w>
        <w>הַמִּשְׁפָּ֑ט</w>
        <w>כִּֽי־</w>
        <w>פַח֙</w>
        <w>הֱיִיתֶ֣ם</w>
        <w>לְמִצְפָּ֔ה</w>
        <w>וְרֶ֖שֶׁת</w>
        <w>פְּרוּשָׂ֥ה</w>
        <w>עַל־</w>
        <w>תָּבֽוֹר׃</w>
      </v>
      <v n="2">
        <w>וְשַׁחֲטָ֥ה</w>
        <w>שֵׂטִ֖ים</w>
        <w>הֶעְמִ֑יקוּ</w>
        <w>וַאֲנִ֖י</w>
        <w>מוּסָ֥ר</w>
        <w>לְכֻלָּֽם׃</w>
      </v>
      <v n="3">
        <w>אֲנִי֙</w>
        <w>יָדַ֣עְתִּי</w>
        <w>אֶפְרַ֔יִם</w>
        <w>וְיִשְׂרָאֵ֖ל</w>
        <w>לֹֽא־</w>
        <w>נִכְחַ֣ד</w>
        <w>מִמֶּ֑נִּי</w>
        <w>כִּ֤י</w>
        <w>עַתָּה֙</w>
        <w>הִזְנֵ֣יתָ</w>
        <w>אֶפְרַ֔יִם</w>
        <w>נִטְמָ֖א</w>
        <w>יִשְׂרָאֵֽל׃</w>
      </v>
      <v n="4">
        <w>לֹ֤א</w>
        <w>יִתְּנוּ֙</w>
        <w>מַ֣עַלְלֵיהֶ֔ם</w>
        <w>לָשׁ֖וּב</w>
        <w>אֶל־</w>
        <w>אֱלֹֽהֵיהֶ֑ם</w>
        <w>כִּ֣י</w>
        <w>ר֤וּחַ</w>
        <w>זְנוּנִים֙</w>
        <w>בְּקִרְבָּ֔ם</w>
        <w>וְאֶת־</w>
        <w>יְהוָ֖ה</w>
        <w>לֹ֥א</w>
        <w>יָדָֽעוּ׃</w>
      </v>
      <v n="5">
        <w>וְעָנָ֥ה</w>
        <w>גְאֽוֹן־</w>
        <w>יִשְׂרָאֵ֖ל</w>
        <w>בְּפָנָ֑יו</w>
        <w>וְיִשְׂרָאֵ֣ל</w>
        <w>וְאֶפְרַ֗יִם</w>
        <w>יִכָּֽשְׁלוּ֙</w>
        <w>בַּעֲוֺנָ֔ם</w>
        <w>כָּשַׁ֥ל</w>
        <w>גַּם־</w>
        <w>יְהוּדָ֖ה</w>
        <w>עִמָּֽם׃</w>
      </v>
      <v n="6">
        <w>בְּצֹאנָ֣ם</w>
        <w>וּבִבְקָרָ֗ם</w>
        <w>יֵֽלְכ֛וּ</w>
        <w>לְבַקֵּ֥שׁ</w>
        <w>אֶת־</w>
        <w>יְהוָ֖ה</w>
        <w>וְלֹ֣א</w>
        <w>יִמְצָ֑אוּ</w>
        <w>חָלַ֖ץ</w>
        <w>מֵהֶֽם׃</w>
      </v>
      <v n="7">
        <w>בַּיהוָ֣ה</w>
        <w>בָּגָ֔דוּ</w>
        <w>כִּֽי־</w>
        <w>בָנִ֥ים</w>
        <w>זָרִ֖ים</w>
        <w>יָלָ֑דוּ</w>
        <w>עַתָּ֛ה</w>
        <w>יֹאכְלֵ֥ם</w>
        <w>חֹ֖דֶשׁ</w>
        <w>אֶת־</w>
        <w>חֶלְקֵיהֶֽם׃</w>
        <samekh/>
      </v>
      <v n="8">
        <w>תִּקְע֤וּ</w>
        <w>שׁוֹפָר֙</w>
        <w>בַּגִּבְעָ֔ה</w>
        <w>חֲצֹצְרָ֖ה</w>
        <w>בָּרָמָ֑ה</w>
        <w>הָרִ֙יעוּ֙</w>
        <w>בֵּ֣ית</w>
        <w>אָ֔וֶן</w>
        <w>אַחֲרֶ֖יךָ</w>
        <w>בִּנְיָמִֽין׃</w>
      </v>
      <v n="9">
        <w>אֶפְרַ֙יִם֙</w>
        <w>לְשַׁמָּ֣ה</w>
        <w>תִֽהְיֶ֔ה</w>
        <w>בְּי֖וֹם</w>
        <w>תּֽוֹכֵחָ֑ה</w>
        <w>בְּשִׁבְטֵי֙</w>
        <w>יִשְׂרָאֵ֔ל</w>
        <w>הוֹדַ֖עְתִּי</w>
        <w>נֶאֱמָנָֽה׃</w>
      </v>
      <v n="10">
        <w>הָיוּ֙</w>
        <w>שָׂרֵ֣י</w>
        <w>יְהוּדָ֔ה</w>
        <w>כְּמַסִּיגֵ֖י</w>
        <w>גְּב֑וּל</w>
        <w>עֲלֵיהֶ֕ם</w>
        <w>אֶשְׁפּ֥וֹךְ</w>
        <w>כַּמַּ֖יִם</w>
        <w>עֶבְרָתִֽי׃</w>
      </v>
      <v n="11">
        <w>עָשׁ֥וּק</w>
        <w>אֶפְרַ֖יִם</w>
        <w>רְצ֣וּץ</w>
        <w>מִשְׁפָּ֑ט</w>
        <w>כִּ֣י</w>
        <w>הוֹאִ֔יל</w>
        <w>הָלַ֖ךְ</w>
        <w>אַחֲרֵי־</w>
        <w>צָֽו׃</w>
      </v>
      <v n="12">
        <w>וַאֲנִ֥י</w>
        <w>כָעָ֖שׁ</w>
        <w>לְאֶפְרָ֑יִם</w>
        <w>וְכָרָקָ֖ב</w>
        <w>לְבֵ֥ית</w>
        <w>יְהוּדָֽה׃</w>
      </v>
      <v n="13">
        <w>וַיַּ֨רְא</w>
        <w>אֶפְרַ֜יִם</w>
        <w>אֶת־</w>
        <w>חָלְי֗וֹ</w>
        <w>וִֽיהוּדָה֙</w>
        <w>אֶת־</w>
        <w>מְזֹר֔וֹ</w>
        <w>וַיֵּ֤לֶךְ</w>
        <w>אֶפְרַ֙יִם֙</w>
        <w>אֶל־</w>
        <w>אַשּׁ֔וּר</w>
        <w>וַיִּשְׁלַ֖ח</w>
        <w>אֶל־</w>
        <w>מֶ֣לֶךְ</w>
        <w>יָרֵ֑ב</w>
        <w>וְה֗וּא</w>
        <w>לֹ֤א</w>
        <w>יוּכַל֙</w>
        <w>לִרְפֹּ֣א</w>
        <w>לָכֶ֔ם</w>
        <w>וְלֹֽא־</w>
        <w>יִגְהֶ֥ה</w>
        <w>מִכֶּ֖ם</w>
        <w>מָזֽוֹר׃</w>
      </v>
      <v n="14">
        <w>כִּ֣י</w>
        <w>אָנֹכִ֤י</w>
        <w>כַשַּׁ֙חַל֙</w>
        <w>לְאֶפְרַ֔יִם</w>
        <w>וְכַכְּפִ֖יר</w>
        <w>לְבֵ֣ית</w>
        <w>יְהוּדָ֑ה</w>
        <w>אֲנִ֨י</w>
        <w>אֲנִ֤י</w>
        <w>אֶטְרֹף֙</w>
        <w>וְאֵלֵ֔ךְ</w>
        <w>אֶשָּׂ֖א</w>
        <w>וְאֵ֥ין</w>
        <w>מַצִּֽיל׃</w>
      </v>
      <v n="15">
        <w>אֵלֵ֤ךְ</w>
        <w>אָשׁ֙וּבָה֙</w>
        <w>אֶל־</w>
        <w>מְקוֹמִ֔י</w>
        <w>עַ֥ד</w>
        <w>אֲשֶֽׁר־</w>
        <w>יֶאְשְׁמ֖וּ</w>
        <w>וּבִקְשׁ֣וּ</w>
        <w>פָנָ֑י</w>
        <w>בַּצַּ֥ר</w>
        <w>לָהֶ֖ם</w>
        <w>יְשַׁחֲרֻֽנְנִי׃</w>
      </v>
      <vs>15</vs>
    </c>
    <c n="6">
      <v n="1">
        <w>לְכוּ֙</w>
        <w>וְנָשׁ֣וּבָה</w>
        <w>אֶל־</w>
        <w>יְהוָ֔ה</w>
        <w>כִּ֛י</w>
        <w>ה֥וּא</w>
        <w>טָרָ֖ף</w>
        <w>וְיִרְפָּאֵ֑נוּ</w>
        <w>יַ֖ךְ</w>
        <w>וְיַחְבְּשֵֽׁנוּ׃</w>
      </v>
      <v n="2">
        <w>יְחַיֵּ֖נוּ</w>
        <w>מִיֹּמָ֑יִם</w>
        <w>בַּיּוֹם֙</w>
        <w>הַשְּׁלִישִׁ֔י</w>
        <w>יְקִמֵ֖נוּ</w>
        <w>וְנִחְיֶ֥ה</w>
        <w>לְפָנָֽיו׃</w>
      </v>
      <v n="3">
        <w>וְנֵדְעָ֣ה</w>
        <w>נִרְדְּפָ֗ה</w>
        <w>לָדַ֙עַת֙</w>
        <w>אֶת־</w>
        <w>יְהוָ֔ה</w>
        <w>כְּשַׁ֖חַר</w>
        <w>נָכ֣וֹן</w>
        <w>מֽוֹצָא֑וֹ</w>
        <w>וְיָב֤וֹא</w>
        <w>כַגֶּ֙שֶׁם֙</w>
        <w>לָ֔נוּ</w>
        <w>כְּמַלְק֖וֹשׁ</w>
        <w>י֥וֹרֶה</w>
        <w>אָֽרֶץ׃</w>
      </v>
      <v n="4">
        <w>מָ֤ה</w>
        <w>אֶֽעֱשֶׂה־</w>
        <w>לְּךָ֙</w>
        <w>אֶפְרַ֔יִם</w>
        <w>מָ֥ה</w>
        <w>אֶעֱשֶׂה־</w>
        <w>לְּךָ֖</w>
        <w>יְהוּדָ֑ה</w>
        <w>וְחַסְדְּכֶם֙</w>
        <w>כַּֽעֲנַן־</w>
        <w>בֹּ֔קֶר</w>
        <w>וְכַטַּ֖ל</w>
        <w>מַשְׁכִּ֥ים</w>
        <w>הֹלֵֽךְ׃</w>
      </v>
      <v n="5">
        <w>עַל־</w>
        <w>כֵּ֗ן</w>
        <w>חָצַ֙בְתִּי֙</w>
        <w>בַּנְּבִיאִ֔ים</w>
        <w>הֲרַגְתִּ֖ים</w>
        <w>בְּאִמְרֵי־</w>
        <w>פִ֑י</w>
        <w>וּמִשְׁפָּטֶ֖יךָ</w>
        <w>א֥וֹר</w>
        <w>יֵצֵֽא׃</w>
      </v>
      <v n="6">
        <w>כִּ֛י</w>
        <w>חֶ֥סֶד</w>
        <w>חָפַ֖צְתִּי</w>
        <w>וְלֹא־</w>
        <w>זָ֑בַח</w>
        <w>וְדַ֥עַת</w>
        <w>אֱלֹהִ֖ים</w>
        <w>מֵעֹלֽוֹת׃</w>
      </v>
      <v n="7">
        <w>וְהֵ֕מָּה</w>
        <w>כְּאָדָ֖ם</w>
        <w>עָבְר֣וּ</w>
        <w>בְרִ֑ית</w>
        <w>שָׁ֖ם</w>
        <w>בָּ֥גְדוּ</w>
        <w>בִֽי׃</w>
      </v>
      <v n="8">
        <w>גִּלְעָ֕ד</w>
        <w>קִרְיַ֖ת</w>
        <w>פֹּ֣עֲלֵי</w>
        <w>אָ֑וֶן</w>
        <w>עֲקֻבָּ֖ה</w>
        <w>מִדָּֽם׃</w>
      </v>
      <v n="9">
        <w>וּכְחַכֵּ֨י</w>
        <w>אִ֜ישׁ</w>
        <w>גְּדוּדִ֗ים</w>
        <w>חֶ֚בֶר</w>
        <w>כֹּֽהֲנִ֔ים</w>
        <w>דֶּ֖רֶךְ</w>
        <w>יְרַצְּחוּ־</w>
        <w>שֶׁ֑כְמָה</w>
        <w>כִּ֥י</w>
        <w>זִמָּ֖ה</w>
        <w>עָשֽׂוּ׃</w>
      </v>
      <v n="10">
        <w>בְּבֵית֙</w>
        <w>יִשְׂרָאֵ֔ל</w>
        <w>רָאִ֖יתִי</w>
        <k>שעריריה</k>
        <q>שַׁעֲרֽוּרִיָּ֑ה</q>
        <w>שָׁ֚ם</w>
        <w>זְנ֣וּת</w>
        <w>לְאֶפְרַ֔יִם</w>
        <w>נִטְמָ֖א</w>
        <w>יִשְׂרָאֵֽל׃</w>
      </v>
      <v n="11">
        <w>גַּם־</w>
        <w>יְהוּדָ֕ה</w>
        <w>שָׁ֥ת</w>
        <w>קָצִ֖יר</w>
        <w>לָ֑ךְ</w>
        <w>בְּשׁוּבִ֖י</w>
        <w>שְׁב֥וּת</w>
        <w>עַמִּֽי׃</w>
        <pe/>
      </v>
      <vs>11</vs>
    </c>
    <c n="7">
      <v n="1">
        <w>כְּרָפְאִ֣י</w>
        <w>לְיִשְׂרָאֵ֗ל</w>
        <w>וְנִגְלָ֞ה</w>
        <w>עֲוֺ֤ן</w>
        <w>אֶפְרַ֙יִם֙</w>
        <w>וְרָע֣וֹת</w>
        <w>שֹֽׁמְר֔וֹן</w>
        <w>כִּ֥י</w>
        <w>פָעֲל֖וּ</w>
        <w>שָׁ֑קֶר</w>
        <w>וְגַנָּ֣ב</w>
        <w>יָב֔וֹא</w>
        <w>פָּשַׁ֥ט</w>
        <w>גְּד֖וּד</w>
        <w>בַּחֽוּץ׃</w>
      </v>
      <v n="2">
        <w>וּבַל־</w>
        <w>יֹֽאמְרוּ֙</w>
        <w>לִלְבָבָ֔ם</w>
        <w>כָּל־</w>
        <w>רָעָתָ֖ם</w>
        <w>זָכָ֑רְתִּי</w>
        <w>עַתָּה֙</w>
        <w>סְבָב֣וּם</w>
        <w>מַֽעַלְלֵיהֶ֔ם</w>
        <w>נֶ֥גֶד</w>
        <w>פָּנַ֖י</w>
        <w>הָיֽוּ׃</w>
      </v>
      <v n="3">
        <w>בְּרָעָתָ֖ם</w>
        <w>יְשַׂמְּחוּ־</w>
        <w>מֶ֑לֶךְ</w>
        <w>וּבְכַחֲשֵׁיהֶ֖ם</w>
        <w>שָׂרִֽים׃</w>
      </v>
      <v n="4">
        <w>כֻּלָּם֙</w>
        <w>מְנָ֣אֲפִ֔ים</w>
        <w>כְּמ֣וֹ</w>
        <w>תַנּ֔וּר</w>
        <w>בֹּעֵ֖רָה</w>
        <w>מֵֽאֹפֶ֑ה</w>
        <w>יִשְׁבּ֣וֹת</w>
        <w>מֵעִ֔יר</w>
        <w>מִלּ֥וּשׁ</w>
        <w>בָּצֵ֖ק</w>
        <w>עַד־</w>
        <w>חֻמְצָתֽוֹ׃</w>
      </v>
      <v n="5">
        <w>י֣וֹם</w>
        <w>מַלְכֵּ֔נוּ</w>
        <w>הֶחֱל֥וּ</w>
        <w>שָׂרִ֖ים</w>
        <w>חֲמַ֣ת</w>
        <w>מִיָּ֑יִן</w>
        <w>מָשַׁ֥ךְ</w>
        <w>יָד֖וֹ</w>
        <w>אֶת־</w>
        <w>לֹצְצִֽים׃</w>
      </v>
      <v n="6">
        <w>כִּֽי־</w>
        <w>קֵרְב֧וּ</w>
        <w>כַתַּנּ֛וּר</w>
        <w>לִבָּ֖ם</w>
        <w>בְּאָרְבָּ֑ם</w>
        <w>כָּל־</w>
        <w>הַלַּ֙יְלָה֙</w>
        <w>יָשֵׁ֣ן</w>
        <w>אֹֽפֵהֶ֔ם</w>
        <w>בֹּ֕קֶר</w>
        <w>ה֥וּא</w>
        <w>בֹעֵ֖ר</w>
        <w>כְּאֵ֥שׁ</w>
        <w>לֶהָבָֽה׃</w>
      </v>
      <v n="7">
        <w>כֻּלָּ֤ם</w>
        <w>יֵחַ֙מּוּ֙</w>
        <w>כַּתַּנּ֔וּר</w>
        <w>וְאָכְל֖וּ</w>
        <w>אֶת־</w>
        <w>שֹֽׁפְטֵיהֶ֑ם</w>
        <w>כָּל־</w>
        <w>מַלְכֵיהֶ֣ם</w>
        <w>נָפָ֔לוּ</w>
        <w>אֵין־</w>
        <w>קֹרֵ֥א</w>
        <w>בָהֶ֖ם</w>
        <w>אֵלָֽי׃</w>
      </v>
      <v n="8">
        <w>אֶפְרַ֕יִם</w>
        <w>בָּעַמִּ֖ים</w>
        <w>ה֣וּא</w>
        <w>יִתְבּוֹלָ֑ל</w>
        <w>אֶפְרַ֛יִם</w>
        <w>הָיָ֥ה</w>
        <w>עֻגָ֖ה</w>
        <w>בְּלִ֥י</w>
        <w>הֲפוּכָֽה׃</w>
      </v>
      <v n="9">
        <w>אָכְל֤וּ</w>
        <w>זָרִים֙</w>
        <w>כֹּח֔וֹ</w>
        <w>וְה֖וּא</w>
        <w>לֹ֣א</w>
        <w>יָדָ֑ע</w>
        <w>גַּם־</w>
        <w>שֵׂיבָה֙</w>
        <w>זָ֣רְקָה</w>
        <w>בּ֔וֹ</w>
        <w>וְה֖וּא</w>
        <w>לֹ֥א</w>
        <w>יָדָֽע׃</w>
      </v>
      <v n="10">
        <w>וְעָנָ֥ה</w>
        <w>גְאֽוֹן־</w>
        <w>יִשְׂרָאֵ֖ל</w>
        <w>בְּפָנָ֑יו</w>
        <w>וְלֹֽא־</w>
        <w>שָׁ֙בוּ֙</w>
        <w>אֶל־</w>
        <w>יְהוָ֣ה</w>
        <w>אֱלֹֽהֵיהֶ֔ם</w>
        <w>וְלֹ֥א</w>
        <w>בִקְשֻׁ֖הוּ</w>
        <w>בְּכָל־</w>
        <w>זֹֽאת׃</w>
      </v>
      <v n="11">
        <w>וַיְהִ֣י</w>
        <w>אֶפְרַ֔יִם</w>
        <w>כְּיוֹנָ֥ה</w>
        <w>פוֹתָ֖ה</w>
        <w>אֵ֣ין</w>
        <w>לֵ֑ב</w>
        <w>מִצְרַ֥יִם</w>
        <w>קָרָ֖אוּ</w>
        <w>אַשּׁ֥וּר</w>
        <w>הָלָֽכוּ׃</w>
      </v>
      <v n="12">
        <w>כַּאֲשֶׁ֣ר</w>
        <w>יֵלֵ֗כוּ</w>
        <w>אֶפְר֤וֹשׂ</w>
        <w>עֲלֵיהֶם֙</w>
        <w>רִשְׁתִּ֔י</w>
        <w>כְּע֥וֹף</w>
        <w>הַשָּׁמַ֖יִם</w>
        <w>אֽוֹרִידֵ֑ם</w>
        <w>אַיְסִרֵ֕ם</w>
        <w>כְּשֵׁ֖מַע</w>
        <w>לַעֲדָתָֽם׃</w>
        <samekh/>
      </v>
      <v n="13">
        <w>א֤וֹי</w>
        <w>לָהֶם֙</w>
        <w>כִּֽי־</w>
        <w>נָדְד֣וּ</w>
        <w>מִמֶּ֔נִּי</w>
        <w>שֹׁ֥ד</w>
        <w>לָהֶ֖ם</w>
        <w>כִּֽי־</w>
        <w>פָ֣שְׁעוּ</w>
        <w>בִ֑י</w>
        <w>וְאָנֹכִ֣י</w>
        <w>אֶפְדֵּ֔ם</w>
        <w>וְהֵ֕מָּה</w>
        <w>דִּבְּר֥וּ</w>
        <w>עָלַ֖י</w>
        <w>כְּזָבִֽים׃</w>
      </v>
      <v n="14">
        <w>וְלֹֽא־</w>
        <w>זָעֲק֤וּ</w>
        <w>אֵלַי֙</w>
        <w>בְּלִבָּ֔ם</w>
        <w>כִּ֥י</w>
        <w>יְיֵלִ֖ילוּ</w>
        <w>עַל־</w>
        <w>מִשְׁכְּבוֹתָ֑ם</w>
        <w>עַל־</w>
        <w>דָּגָ֧ן</w>
        <w>וְתִיר֛וֹשׁ</w>
        <w>יִתְגּוֹרָ֖רוּ</w>
        <w>יָס֥וּרוּ</w>
        <w>בִֽי׃</w>
      </v>
      <v n="15">
        <w>וַאֲנִ֣י</w>
        <w>יִסַּ֔רְתִּי</w>
        <w>חִזַּ֖קְתִּי</w>
        <w>זְרֽוֹעֹתָ֑ם</w>
        <w>וְאֵלַ֖י</w>
        <w>יְחַשְּׁבוּ־</w>
        <w>רָֽע׃</w>
      </v>
      <v n="16">
        <w>יָשׁ֣וּבוּ ׀</w>
        <w>לֹ֣א</w>
        <w>עָ֗ל</w>
        <w>הָיוּ֙</w>
        <w>כְּקֶ֣שֶׁת</w>
        <w>רְמִיָּ֔ה</w>
        <w>יִפְּל֥וּ</w>
        <w>בַחֶ֛רֶב</w>
        <w>שָׂרֵיהֶ֖ם</w>
        <w>מִזַּ֣עַם</w>
        <w>לְשׁוֹנָ֑ם</w>
        <w>ז֥וֹ</w>
        <w>לַעְגָּ֖ם</w>
        <w>בְּאֶ֥רֶץ</w>
        <w>מִצְרָֽיִם׃</w>
      </v>
      <vs>16</vs>
    </c>
    <c n="8">
      <v n="1">
        <w>אֶל־</w>
        <w>חִכְּךָ֣</w>
        <w>שֹׁפָ֔ר</w>
        <w>כַּנֶּ֖שֶׁר</w>
        <w>עַל־</w>
        <w>בֵּ֣ית</w>
        <w>יְהוָ֑ה</w>
        <w>יַ֚עַן</w>
        <w>עָבְר֣וּ</w>
        <w>בְרִיתִ֔י</w>
        <w>וְעַל־</w>
        <w>תּוֹרָתִ֖י</w>
        <w>פָּשָֽׁעוּ׃</w>
      </v>
      <v n="2">
        <w>לִ֖י</w>
        <w>יִזְעָ֑קוּ</w>
        <w>אֱלֹהַ֥י</w>
        <w>יְֽדַעֲנ֖וּךָ</w>
        <w>יִשְׂרָאֵֽל׃</w>
      </v>
      <v n="3">
        <w>זָנַ֥ח</w>
        <w>יִשְׂרָאֵ֖ל</w>
        <w>ט֑וֹב</w>
        <w>אוֹיֵ֖ב</w>
        <w>יִרְדְּֽפוֹ׃</w>
      </v>
      <v n="4">
        <w>הֵ֤ם</w>
        <w>הִמְלִיכוּ֙</w>
        <w>וְלֹ֣א</w>
        <w>מִמֶּ֔נִּי</w>
        <w>הֵשִׂ֖ירוּ</w>
        <w>וְלֹ֣א</w>
        <w>יָדָ֑עְתִּי</w>
        <w>כַּסְפָּ֣ם</w>
        <w>וּזְהָבָ֗ם</w>
        <w>עָשׂ֤וּ</w>
        <w>לָהֶם֙</w>
        <w>עֲצַבִּ֔ים</w>
        <w>לְמַ֖עַן</w>
        <w>יִכָּרֵֽת׃</w>
      </v>
      <v n="5">
        <w>זָנַח֙</w>
        <w>עֶגְלֵ֣ךְ</w>
        <w>שֹֽׁמְר֔וֹן</w>
        <w>חָרָ֥ה</w>
        <w>אַפִּ֖י</w>
        <w>בָּ֑ם</w>
        <w>עַד־</w>
        <w>מָתַ֕י</w>
        <w>לֹ֥א</w>
        <w>יוּכְל֖וּ</w>
        <w>נִקָּיֹֽן׃</w>
      </v>
      <v n="6">
        <w>כִּ֤י</w>
        <w>מִיִּשְׂרָאֵל֙</w>
        <w>וְה֔וּא</w>
        <w>חָרָ֣שׁ</w>
        <w>עָשָׂ֔הוּ</w>
        <w>וְלֹ֥א</w>
        <w>אֱלֹהִ֖ים</w>
        <w>ה֑וּא</w>
        <w>כִּֽי־</w>
        <w>שְׁבָבִ֣ים</w>
        <w>יִֽהְיֶ֔ה</w>
        <w>עֵ֖גֶל</w>
        <w>שֹׁמְרֽוֹן׃</w>
      </v>
      <v n="7">
        <w>כִּ֛י</w>
        <w>ר֥וּחַ</w>
        <w>יִזְרָ֖עוּ</w>
        <w>וְסוּפָ֣תָה</w>
        <w>יִקְצֹ֑רוּ</w>
        <w>קָמָ֣ה</w>
        <w>אֵֽין־</w>
        <w>ל֗וֹ</w>
        <w>צֶ֚מַח</w>
        <w>בְּלִ֣י</w>
        <w>יַֽעֲשֶׂה־</w>
        <w>קֶּ֔מַח</w>
        <w>אוּלַ֣י</w>
        <w>יַֽעֲשֶׂ֔ה</w>
        <w>זָרִ֖ים</w>
        <w>יִבְלָעֻֽהוּ׃</w>
      </v>
      <v n="8">
        <w>נִבְלַ֖ע</w>
        <w>יִשְׂרָאֵ֑ל</w>
        <w>עַתָּה֙</w>
        <w>הָי֣וּ</w>
        <w>בַגּוֹיִ֔ם</w>
        <w>כִּכְלִ֖י</w>
        <w>אֵֽין־</w>
        <w>חֵ֥פֶץ</w>
        <w>בּֽוֹ׃</w>
      </v>
      <v n="9">
        <w>כִּֽי־</w>
        <w>הֵ֙מָּה֙</w>
        <w>עָל֣וּ</w>
        <w>אַשּׁ֔וּר</w>
        <w>פֶּ֖רֶא</w>
        <w>בּוֹדֵ֣ד</w>
        <w>ל֑וֹ</w>
        <w>אֶפְרַ֖יִם</w>
        <w>הִתְנ֥וּ</w>
        <w>אֲהָבִֽים</w>
      </v>
      <v n="10">
        <w>גַּ֛ם</w>
        <w>כִּֽי־</w>
        <w>יִתְנ֥וּ</w>
        <w>בַגּוֹיִ֖ם</w>
        <w>עַתָּ֣ה</w>
        <w>אֲקַבְּצֵ֑ם</w>
        <w>וַיָּחֵ֣לּוּ</w>
        <w>מְּעָ֔ט</w>
        <w>מִמַּשָּׂ֖א</w>
        <w>מֶ֥לֶךְ</w>
        <w>שָׂרִֽים׃</w>
      </v>
      <v n="11">
        <w>כִּֽי־</w>
        <w>הִרְבָּ֥ה</w>
        <w>אֶפְרַ֛יִם</w>
        <w>מִזְבְּחֹ֖ת</w>
        <w>לַחֲטֹ֑א</w>
        <w>הָיוּ־</w>
        <w>ל֥וֹ</w>
        <w>מִזְבְּח֖וֹת</w>
        <w>לַחֲטֹֽא׃</w>
      </v>
      <v n="12">
        <k>אכתוב־</k>
        <q>אֶ֨כְתָּב־</q>
        <w>ל֔וֹ</w>
        <k>רבו</k>
        <q>רֻבֵּ֖י</q>
        <w>תּֽוֹרָתִ֑י</w>
        <w>כְּמוֹ־</w>
        <w>זָ֖ר</w>
        <w>נֶחְשָֽׁבוּ׃</w>
      </v>
      <v n="13">
        <w>זִבְחֵ֣י</w>
        <w>הַבְהָבַ֗י</w>
        <w>יִזְבְּח֤וּ</w>
        <w>בָשָׂר֙</w>
        <w>וַיֹּאכֵ֔לוּ</w>
        <w>יְהוָ֖ה</w>
        <w>לֹ֣א</w>
        <w>רָצָ֑ם</w>
        <w>עַתָּ֞ה</w>
        <w>יִזְכֹּ֤ר</w>
        <w>עֲוֺנָם֙</w>
        <w>וְיִפְקֹ֣ד</w>
        <w>חַטֹּאותָ֔ם</w>
        <w>הֵ֖מָּה</w>
        <w>מִצְרַ֥יִם</w>
        <w>יָשֽׁוּבוּ׃</w>
      </v>
      <v n="14">
        <w>וַיִּשְׁכַּ֨ח</w>
        <w>יִשְׂרָאֵ֜ל</w>
        <w>אֶת־</w>
        <w>עֹשֵׂ֗הוּ</w>
        <w>וַיִּ֙בֶן֙</w>
        <w>הֵֽיכָל֔וֹת</w>
        <w>וִֽיהוּדָ֕ה</w>
        <w>הִרְבָּ֖ה</w>
        <w>עָרִ֣ים</w>
        <w>בְּצֻר֑וֹת</w>
        <w>וְשִׁלַּחְתִּי־</w>
        <w>אֵ֣שׁ</w>
        <w>בְּעָרָ֔יו</w>
        <w>וְאָכְלָ֖ה</w>
        <w>אַרְמְנֹתֶֽיהָ׃</w>
        <samekh/>
      </v>
      <vs>14</vs>
    </c>
    <c n="9">
      <v n="1">
        <w>אַל־</w>
        <w>תִּשְׂמַ֨ח</w>
        <w>יִשְׂרָאֵ֤ל ׀</w>
        <w>אֶל־</w>
        <w>גִּיל֙</w>
        <w>כָּֽעַמִּ֔ים</w>
        <w>כִּ֥י</w>
        <w>זָנִ֖יתָ</w>
        <w>מֵעַ֣ל</w>
        <w>אֱלֹהֶ֑יךָ</w>
        <w>אָהַ֣בְתָּ</w>
        <w>אֶתְנָ֔ן</w>
        <w>עַ֖ל</w>
        <w>כָּל־</w>
        <w>גָּרְנ֥וֹת</w>
        <w>דָּגָֽן׃</w>
      </v>
      <v n="2">
        <w>גֹּ֥רֶן</w>
        <w>וָיֶ֖קֶב</w>
        <w>לֹ֣א</w>
        <w>יִרְעֵ֑ם</w>
        <w>וְתִיר֖וֹשׁ</w>
        <w>יְכַ֥חֶשׁ</w>
        <w>בָּֽהּ׃</w>
      </v>
      <v n="3">
        <w>לֹ֥א</w>
        <w>יֵשְׁב֖וּ</w>
        <w>בְּאֶ֣רֶץ</w>
        <w>יְהוָ֑ה</w>
        <w>וְשָׁ֤ב</w>
        <w>אֶפְרַ֙יִם֙</w>
        <w>מִצְרַ֔יִם</w>
        <w>וּבְאַשּׁ֖וּר</w>
        <w>טָמֵ֥א</w>
        <w>יֹאכֵֽלוּ׃</w>
      </v>
      <v n="4">
        <w>לֹא־</w>
        <w>יִסְּכ֨וּ</w>
        <w>לַיהוָ֥ה ׀</w>
        <w>יַיִן֮</w>
        <w>וְלֹ֣א</w>
        <w>יֶֽעֶרְבוּ־</w>
        <w>לוֹ֒</w>
        <w>זִבְחֵיהֶ֗ם</w>
        <w>כְּלֶ֤חֶם</w>
        <w>אוֹנִים֙</w>
        <w>לָהֶ֔ם</w>
        <w>כָּל־</w>
        <w>אֹכְלָ֖יו</w>
        <w>יִטַמָּ֑אוּ</w>
        <w>כִּֽי־</w>
        <w>לַחְמָ֣ם</w>
        <w>לְנַפְשָׁ֔ם</w>
        <w>לֹ֥א</w>
        <w>יָב֖וֹא</w>
        <w>בֵּ֥ית</w>
        <w>יְהוָֽה׃</w>
      </v>
      <v n="5">
        <w>מַֽה־</w>
        <w>תַּעֲשׂ֖וּ</w>
        <w>לְי֣וֹם</w>
        <w>מוֹעֵ֑ד</w>
        <w>וּלְי֖וֹם</w>
        <w>חַג־</w>
        <w>יְהוָֽה׃</w>
      </v>
      <v n="6">
        <w>כִּֽי־</w>
        <w>הִנֵּ֤ה</w>
        <w>הָֽלְכוּ֙</w>
        <w>מִשֹּׁ֔ד</w>
        <w>מִצְרַ֥יִם</w>
        <w>תְּקַבְּצֵ֖ם</w>
        <w>מֹ֣ף</w>
        <w>תְּקַבְּרֵ֑ם</w>
        <w>מַחְמַ֣ד</w>
        <w>לְכַסְפָּ֗ם</w>
        <w>קִמּוֹשׂ֙</w>
        <w>יִֽירָשֵׁ֔ם</w>
        <w>ח֖וֹחַ</w>
        <w>בְּאָהֳלֵיהֶֽם׃</w>
      </v>
      <v n="7">
        <w>בָּ֣אוּ ׀</w>
        <w>יְמֵ֣י</w>
        <w>הַפְּקֻדָּ֗ה</w>
        <w>בָּ֚אוּ</w>
        <w>יְמֵ֣י</w>
        <w>הַשִׁלֻּ֔ם</w>
        <w>יֵדְע֖וּ</w>
        <w>יִשְׂרָאֵ֑ל</w>
        <w>אֱוִ֣יל</w>
        <w>הַנָּבִ֗יא</w>
        <w>מְשֻׁגָּע֙</w>
        <w>אִ֣ישׁ</w>
        <w>הָר֔וּחַ</w>
        <w>עַ֚ל</w>
        <w>רֹ֣ב</w>
        <w>עֲוֺנְךָ֔</w>
        <w>וְרַבָּ֖ה</w>
        <w>מַשְׂטֵמָֽה׃</w>
      </v>
      <v n="8">
        <w>צֹפֶ֥ה</w>
        <w>אֶפְרַ֖יִם</w>
        <w>עִם־</w>
        <w>אֱלֹהָ֑י</w>
        <w>נָבִ֞יא</w>
        <w>פַּ֤ח</w>
        <w>יָקוֹשׁ֙</w>
        <w>עַל־</w>
        <w>כָּל־</w>
        <w>דְּרָכָ֔יו</w>
        <w>מַשְׂטֵמָ֖ה</w>
        <w>בְּבֵ֥ית</w>
        <w>אֱלֹהָֽיו׃</w>
      </v>
      <v n="9">
        <w>הֶעְמִֽיקוּ־</w>
        <w>שִׁחֵ֖תוּ</w>
        <w>כִּימֵ֣י</w>
        <w>הַגִּבְעָ֑ה</w>
        <w>יִזְכּ֣וֹר</w>
        <w>עֲוֺנָ֔ם</w>
        <w>יִפְק֖וֹד</w>
        <w>חַטֹּאותָֽם׃</w>
        <samekh/>
      </v>
      <v n="10">
        <w>כַּעֲנָבִ֣ים</w>
        <w>בַּמִּדְבָּ֗ר</w>
        <w>מָצָ֙אתִי֙</w>
        <w>יִשְׂרָאֵ֔ל</w>
        <w>כְּבִכּוּרָ֤ה</w>
        <w>בִתְאֵנָה֙</w>
        <w>בְּרֵ֣אשִׁיתָ֔הּ</w>
        <w>רָאִ֖יתִי</w>
        <w>אֲבֽוֹתֵיכֶ֑ם</w>
        <w>הֵ֜מָּה</w>
        <w>בָּ֣אוּ</w>
        <w>בַֽעַל־</w>
        <w>פְּע֗וֹר</w>
        <w>וַיִּנָּֽזְרוּ֙</w>
        <w>לַבֹּ֔שֶׁת</w>
        <w>וַיִּהְי֥וּ</w>
        <w>שִׁקּוּצִ֖ים</w>
        <w>כְּאָהֳבָֽם׃</w>
      </v>
      <v n="11">
        <w>אֶפְרַ֕יִם</w>
        <w>כָּע֖וֹף</w>
        <w>יִתְעוֹפֵ֣ף</w>
        <w>כְּבוֹדָ֑ם</w>
        <w>מִלֵּדָ֥ה</w>
        <w>וּמִבֶּ֖טֶן</w>
        <w>וּמֵהֵרָיֽוֹן׃</w>
      </v>
      <v n="12">
        <w>כִּ֤י</w>
        <w>אִם־</w>
        <w>יְגַדְּלוּ֙</w>
        <w>אֶת־</w>
        <w>בְּנֵיהֶ֔ם</w>
        <w>וְשִׁכַּלְתִּ֖ים</w>
        <w>מֵֽאָדָ֑ם</w>
        <w>כִּֽי־</w>
        <w>גַם־</w>
        <w>א֥וֹי</w>
        <w>לָהֶ֖ם</w>
        <w>בְּשׂוּרִ֥י</w>
        <w>מֵהֶֽם׃</w>
      </v>
      <v n="13">
        <w>אֶפְרַ֛יִם</w>
        <w>כַּאֲשֶׁר־</w>
        <w>רָאִ֥יתִי</w>
        <w>לְצ֖וֹר</w>
        <w>שְׁתוּלָ֣ה</w>
        <w>בְנָוֶ֑ה</w>
        <w>וְאֶפְרַ֕יִם</w>
        <w>לְהוֹצִ֥יא</w>
        <w>אֶל־</w>
        <w>הֹרֵ֖ג</w>
        <w>בָּנָֽיו׃</w>
      </v>
      <v n="14">
        <w>תֵּן־</w>
        <w>לָהֶ֥ם</w>
        <w>יְהוָ֖ה</w>
        <w>מַה־</w>
        <w>תִּתֵּ֑ן</w>
        <w>תֵּן־</w>
        <w>לָהֶם֙</w>
        <w>רֶ֣חֶם</w>
        <w>מַשְׁכִּ֔יל</w>
        <w>וְשָׁדַ֖יִם</w>
        <w>צֹמְקִֽים׃</w>
      </v>
      <v n="15">
        <w>כָּל־</w>
        <w>רָעָתָ֤ם</w>
        <w>בַּגִּלְגָּל֙</w>
        <w>כִּֽי־</w>
        <w>שָׁ֣ם</w>
        <w>שְׂנֵאתִ֔ים</w>
        <w>עַ֚ל</w>
        <w>רֹ֣עַ</w>
        <w>מַֽעַלְלֵיהֶ֔ם</w>
        <w>מִבֵּיתִ֖י</w>
        <w>אֲגָרְשֵׁ֑ם</w>
        <w>לֹ֤א</w>
        <w>אוֹסֵף֙</w>
        <w>אַהֲבָתָ֔ם</w>
        <w>כָּל־</w>
        <w>שָׂרֵיהֶ֖ם</w>
        <w>סֹרְרִֽים׃</w>
      </v>
      <v n="16">
        <w>הֻכָּ֣ה</w>
        <w>אֶפְרַ֔יִם</w>
        <w>שָׁרְשָׁ֥ם</w>
        <w>יָבֵ֖שׁ</w>
        <w>פְּרִ֣י</w>
        <k>בלי־</k>
        <q>בַֽל־</q>
        <w>יַעֲשׂ֑וּן</w>
        <w>גַּ֚ם</w>
        <w>כִּ֣י</w>
        <w>יֵֽלֵד֔וּן</w>
        <w>וְהֵמַתִּ֖י</w>
        <w>מַחֲמַדֵּ֥י</w>
        <w>בִטְנָֽם׃</w>
        <samekh/>
      </v>
      <v n="17">
        <w>יִמְאָסֵ֣ם</w>
        <w>אֱלֹהַ֔י</w>
        <w>כִּ֛י</w>
        <w>לֹ֥א</w>
        <w>שָׁמְע֖וּ</w>
        <w>ל֑וֹ</w>
        <w>וְיִהְי֥וּ</w>
        <w>נֹדְדִ֖ים</w>
        <w>בַּגּוֹיִֽם׃</w>
        <samekh/>
      </v>
      <vs>17</vs>
    </c>
    <c n="10">
      <v n="1">
        <w>גֶּ֤פֶן</w>
        <w>בּוֹקֵק֙</w>
        <w>יִשְׂרָאֵ֔ל</w>
        <w>פְּרִ֖י</w>
        <w>יְשַׁוֶּה־</w>
        <w>לּ֑וֹ</w>
        <w>כְּרֹ֣ב</w>
        <w>לְפִרְי֗וֹ</w>
        <w>הִרְבָּה֙</w>
        <w>לַֽמִּזְבְּח֔וֹת</w>
        <w>כְּט֣וֹב</w>
        <w>לְאַרְצ֔וֹ</w>
        <w>הֵיטִ֖יבוּ</w>
        <w>מַצֵּבֽוֹת׃</w>
      </v>
      <v n="2">
        <w>חָלַ֥ק</w>
        <w>לִבָּ֖ם</w>
        <w>עַתָּ֣ה</w>
        <w>יֶאְשָׁ֑מוּ</w>
        <w>ה֚וּא</w>
        <w>יַעֲרֹ֣ף</w>
        <w>מִזְבְּחוֹתָ֔ם</w>
        <w>יְשֹׁדֵ֖ד</w>
        <w>מַצֵּבוֹתָֽם׃</w>
      </v>
      <v n="3">
        <w>כִּ֤י</w>
        <w>עַתָּה֙</w>
        <w>יֹֽאמְר֔וּ</w>
        <w>אֵ֥ין</w>
        <w>מֶ֖לֶךְ</w>
        <w>לָ֑נוּ</w>
        <w>כִּ֣י</w>
        <w>לֹ֤א</w>
        <w>יָרֵ֙אנוּ֙</w>
        <w>אֶת־</w>
        <w>יְהֹוָ֔ה</w>
        <w>וְהַמֶּ֖לֶךְ</w>
        <w>מַה־</w>
        <w>יַּֽעֲשֶׂה־</w>
        <w>לָּֽנוּ׃</w>
      </v>
      <v n="4">
        <w>דִּבְּר֣וּ</w>
        <w>דְבָרִ֔ים</w>
        <w>אָל֥וֹת</w>
        <w>שָׁ֖וְא</w>
        <w>כָּרֹ֣ת</w>
        <w>בְּרִ֑ית</w>
        <w>וּפָרַ֤ח</w>
        <w>כָּרֹאשׁ֙</w>
        <w>מִשְׁפָּ֔ט</w>
        <w>עַ֖ל</w>
        <w>תַּלְמֵ֥י</w>
        <w>שָׂדָֽי׃</w>
      </v>
      <v n="5">
        <w>לְעֶגְלוֹת֙</w>
        <w>בֵּ֣ית</w>
        <w>אָ֔וֶן</w>
        <w>יָג֖וּרוּ</w>
        <w>שְׁכַ֣ן</w>
        <w>שֹֽׁמְר֑וֹן</w>
        <w>כִּי־</w>
        <w>אָבַ֨ל</w>
        <w>עָלָ֜יו</w>
        <w>עַמּ֗וֹ</w>
        <w>וּכְמָרָיו֙</w>
        <w>עָלָ֣יו</w>
        <w>יָגִ֔ילוּ</w>
        <w>עַל־</w>
        <w>כְּבוֹד֖וֹ</w>
        <w>כִּֽי־</w>
        <w>גָלָ֥ה</w>
        <w>מִמֶּֽנּוּ׃</w>
      </v>
      <v n="6">
        <w>גַּם־</w>
        <w>אוֹתוֹ֙</w>
        <w>לְאַשּׁ֣וּר</w>
        <w>יוּבָ֔ל</w>
        <w>מִנְחָ֖ה</w>
        <w>לְמֶ֣לֶךְ</w>
        <w>יָרֵ֑ב</w>
        <w>בָּשְׁנָה֙</w>
        <w>אֶפְרַ֣יִם</w>
        <w>יִקָּ֔ח</w>
        <w>וְיֵב֥וֹשׁ</w>
        <w>יִשְׂרָאֵ֖ל</w>
        <w>מֵעֲצָתֽוֹ׃</w>
      </v>
      <v n="7">
        <w>נִדְמֶ֥ה</w>
        <w>שֹׁמְר֖וֹן</w>
        <w>מַלְכָּ֑הּ</w>
        <w>כְּקֶ֖צֶף</w>
        <w>עַל־</w>
        <w>פְּנֵי־</w>
        <w>מָֽיִם׃</w>
      </v>
      <v n="8">
        <w>וְנִשְׁמְד֞וּ</w>
        <w>בָּמ֣וֹת</w>
        <w>אָ֗וֶן</w>
        <w>חַטַּאת֙</w>
        <w>יִשְׂרָאֵ֔ל</w>
        <w>ק֣וֹץ</w>
        <w>וְדַרְדַּ֔ר</w>
        <w>יַעֲלֶ֖ה</w>
        <w>עַל־</w>
        <w>מִזְבְּחוֹתָ֑ם</w>
        <w>וְאָמְר֤וּ</w>
        <w>לֶֽהָרִים֙</w>
        <w>כַּסּ֔וּנוּ</w>
        <w>וְלַגְּבָע֖וֹת</w>
        <w>נִפְל֥וּ</w>
        <w>עָלֵֽינוּ׃</w>
        <samekh/>
      </v>
      <v n="9">
        <w>מִימֵי֙</w>
        <w>הַגִּבְעָ֔ה</w>
        <w>חָטָ֖אתָ</w>
        <w>יִשְׂרָאֵ֑ל</w>
        <w>שָׁ֣ם</w>
        <w>עָמָ֔דוּ</w>
        <w>לֹֽא־</w>
        <w>תַשִּׂיגֵ֧ם</w>
        <w>בַּגִּבְעָ֛ה</w>
        <w>מִלְחָמָ֖ה</w>
        <w>עַל־</w>
        <w>בְּנֵ֥י</w>
        <w>עַֽלְוָֽה׃</w>
      </v>
      <v n="10">
        <w>בְּאַוָּתִ֖י</w>
        <w>וְאֶסֳּרֵ֑ם</w>
        <w>וְאֻסְּפ֤וּ</w>
        <w>עֲלֵיהֶם֙</w>
        <w>עַמִּ֔ים</w>
        <w>בְּאָסְרָ֖ם</w>
        <w>לִשְׁתֵּ֥י</w>
        <k>עינתם</k>
        <q>עוֹנֹתָֽם׃</q>
      </v>
      <v n="11">
        <w>וְאֶפְרַ֜יִם</w>
        <w>עֶגְלָ֤ה</w>
        <w>מְלֻמָּדָה֙</w>
        <w>אֹהַ֣בְתִּי</w>
        <w>לָד֔וּשׁ</w>
        <w>וַאֲנִ֣י</w>
        <w>עָבַ֔רְתִּי</w>
        <w>עַל־</w>
        <w>ט֖וּב</w>
        <w>צַוָּארָ֑הּ</w>
        <w>אַרְכִּ֤יב</w>
        <w>אֶפְרַ֙יִם֙</w>
        <w>יַחֲר֣וֹשׁ</w>
        <w>יְהוּדָ֔ה</w>
        <w>יְשַׂדֶּד־</w>
        <w>ל֖וֹ</w>
        <w>יַעֲקֹֽב׃</w>
      </v>
      <v n="12">
        <w>זִרְע֨וּ</w>
        <w>לָכֶ֤ם</w>
        <w>לִצְדָקָה֙</w>
        <w>קִצְר֣וּ</w>
        <w>לְפִי־</w>
        <w>חֶ֔סֶד</w>
        <w>נִ֥ירוּ</w>
        <w>לָכֶ֖ם</w>
        <w>נִ֑יר</w>
        <w>וְעֵת֙</w>
        <w>לִדְר֣וֹשׁ</w>
        <w>אֶת־</w>
        <w>יְהוָ֔ה</w>
        <w>עַד־</w>
        <w>יָב֕וֹא</w>
        <w>וְיֹרֶ֥ה</w>
        <w>צֶ֖דֶק</w>
        <w>לָכֶֽם׃</w>
      </v>
      <v n="13">
        <w>חֲרַשְׁתֶּם־</w>
        <w>רֶ֛שַׁע</w>
        <w>עַוְלָ֥תָה</w>
        <w>קְצַרְתֶּ֖ם</w>
        <w>אֲכַלְתֶּ֣ם</w>
        <w>פְּרִי־</w>
        <w>כָ֑חַשׁ</w>
        <w>כִּֽי־</w>
        <w>בָטַ֥חְתָּ</w>
        <w>בְדַרְכְּךָ֖</w>
        <w>בְּרֹ֥ב</w>
        <w>גִּבּוֹרֶֽיךָ׃</w>
      </v>
      <v n="14">
        <w>וְקָ֣אם</w>
        <w>שָׁאוֹן֮</w>
        <w>בְּעַמֶּךָ֒</w>
        <w>וְכָל־</w>
        <w>מִבְצָרֶ֣יךָ</w>
        <w>יוּשַּׁ֔ד</w>
        <w>כְּשֹׁ֧ד</w>
        <w>שַֽׁלְמַ֛ן</w>
        <w>בֵּ֥ית</w>
        <w>אַֽרְבֵ֖אל</w>
        <w>בְּי֣וֹם</w>
        <w>מִלְחָמָ֑ה</w>
        <w>אֵ֥ם</w>
        <w>עַל־</w>
        <w>בָּנִ֖ים</w>
        <w>רֻטָּֽשָׁה׃</w>
      </v>
      <v n="15">
        <w>כָּ֗כָה</w>
        <w>עָשָׂ֤ה</w>
        <w>לָכֶם֙</w>
        <w>בֵּֽית־</w>
        <w>אֵ֔ל</w>
        <w>מִפְּנֵ֖י</w>
        <w>רָעַ֣ת</w>
        <w>רָֽעַתְכֶ֑ם</w>
        <w>בַּשַּׁ֕חַר</w>
        <w>נִדְמֹ֥ה</w>
        <w>נִדְמָ֖ה</w>
        <w>מֶ֥לֶךְ</w>
        <w>יִשְׂרָאֵֽל׃</w>
      </v>
      <vs>15</vs>
    </c>
    <c n="11">
      <v n="1">
        <w>כִּ֛י</w>
        <w>נַ֥עַר</w>
        <w>יִשְׂרָאֵ֖ל</w>
        <w>וָאֹהֲבֵ֑הוּ</w>
        <w>וּמִמִּצְרַ֖יִם</w>
        <w>קָרָ֥אתִי</w>
        <w>לִבְנִֽי׃</w>
      </v>
      <v n="2">
        <w>קָרְא֖וּ</w>
        <w>לָהֶ֑ם</w>
        <w>כֵּ֚ן</w>
        <w>הָלְכ֣וּ</w>
        <w>מִפְּנֵיהֶ֔ם</w>
        <w>לַבְּעָלִ֣ים</w>
        <w>יְזַבֵּ֔חוּ</w>
        <w>וְלַפְּסִלִ֖ים</w>
        <w>יְקַטֵּרֽוּן׃</w>
      </v>
      <v n="3">
        <w>וְאָנֹכִ֤י</w>
        <w>תִרְגַּ֙לְתִּי֙</w>
        <w>לְאֶפְרַ֔יִם</w>
        <w>קָחָ֖ם</w>
        <w>עַל־</w>
        <w>זְרֽוֹעֹתָ֑יו</w>
        <w>וְלֹ֥א</w>
        <w>יָדְע֖וּ</w>
        <w>כִּ֥י</w>
        <w>רְפָאתִֽים׃</w>
      </v>
      <v n="4">
        <w>בְּחַבְלֵ֨י</w>
        <w>אָדָ֤ם</w>
        <w>אֶמְשְׁכֵם֙</w>
        <w>בַּעֲבֹת֣וֹת</w>
        <w>אַהֲבָ֔ה</w>
        <w>וָאֶהְיֶ֥ה</w>
        <w>לָהֶ֛ם</w>
        <w>כִּמְרִ֥ימֵי</w>
        <w>עֹ֖ל</w>
        <w>עַ֣ל</w>
        <w>לְחֵיהֶ֑ם</w>
        <w>וְאַ֥ט</w>
        <w>אֵלָ֖יו</w>
        <w>אוֹכִֽיל׃</w>
      </v>
      <v n="5">
        <w>לֹ֤א</w>
        <w>יָשׁוּב֙</w>
        <w>אֶל־</w>
        <w>אֶ֣רֶץ</w>
        <w>מִצְרַ֔יִם</w>
        <w>וְאַשּׁ֖וּר</w>
        <w>ה֣וּא</w>
        <w>מַלְכּ֑וֹ</w>
        <w>כִּ֥י</w>
        <w>מֵאֲנ֖וּ</w>
        <w>לָשֽׁוּב׃</w>
      </v>
      <v n="6">
        <w>וְחָלָ֥ה</w>
        <w>חֶ֙רֶב֙</w>
        <w>בְּעָרָ֔יו</w>
        <w>וְכִלְּתָ֥ה</w>
        <w>בַדָּ֖יו</w>
        <w>וְאָכָ֑לָה</w>
        <w>מִֽמֹּעֲצ֖וֹתֵיהֶֽם׃</w>
      </v>
      <v n="7">
        <w>וְעַמִּ֥י</w>
        <w>תְלוּאִ֖ים</w>
        <w>לִמְשֽׁוּבָתִ֑י</w>
        <w>וְאֶל־</w>
        <w>עַל֙</w>
        <w>יִקְרָאֻ֔הוּ</w>
        <w>יַ֖חַד</w>
        <w>לֹ֥א</w>
        <w>יְרוֹמֵם׃</w>
      </v>
      <v n="8">
        <w>אֵ֞יךְ</w>
        <w>אֶתֶּנְךָ֣</w>
        <w>אֶפְרַ֗יִם</w>
        <w>אֲמַגֶּנְךָ֙</w>
        <w>יִשְׂרָאֵ֔ל</w>
        <w>אֵ֚יךְ</w>
        <w>אֶתֶּנְךָ֣</w>
        <w>כְאַדְמָ֔ה</w>
        <w>אֲשִֽׂימְךָ֖</w>
        <w>כִּצְבֹאיִ֑ם</w>
        <w>נֶהְפַּ֤ךְ</w>
        <w>עָלַי֙</w>
        <w>לִבִּ֔י</w>
        <w>יַ֖חַד</w>
        <w>נִכְמְר֥וּ</w>
        <w>נִחוּמָֽי׃</w>
      </v>
      <v n="9">
        <w>לֹ֤א</w>
        <w>אֶֽעֱשֶׂה֙</w>
        <w>חֲר֣וֹן</w>
        <w>אַפִּ֔י</w>
        <w>לֹ֥א</w>
        <w>אָשׁ֖וּב</w>
        <w>לְשַׁחֵ֣ת</w>
        <w>אֶפְרָ֑יִם</w>
        <w>כִּ֣י</w>
        <w>אֵ֤ל</w>
        <w>אָֽנֹכִי֙</w>
        <w>וְלֹא־</w>
        <w>אִ֔ישׁ</w>
        <w>בְּקִרְבְּךָ֣</w>
        <w>קָד֔וֹשׁ</w>
        <w>וְלֹ֥א</w>
        <w>אָב֖וֹא</w>
        <w>בְּעִֽיר׃</w>
      </v>
      <v n="10">
        <w>אַחֲרֵ֧י</w>
        <w>יְהוָ֛ה</w>
        <w>יֵלְכ֖וּ</w>
        <w>כְּאַרְיֵ֣ה</w>
        <w>יִשְׁאָ֑ג</w>
        <w>כִּֽי־</w>
        <w>ה֣וּא</w>
        <w>יִשְׁאַ֔ג</w>
        <w>וְיֶחֶרְד֥וּ</w>
        <w>בָנִ֖ים</w>
        <w>מִיָּֽם׃</w>
      </v>
      <v n="11">
        <w>יֶחֶרְד֤וּ</w>
        <w>כְצִפּוֹר֙</w>
        <w>מִמִּצְרַ֔יִם</w>
        <w>וּכְיוֹנָ֖ה</w>
        <w>מֵאֶ֣רֶץ</w>
        <w>אַשּׁ֑וּר</w>
        <w>וְהוֹשַׁבְתִּ֥ים</w>
        <w>עַל־</w>
        <w>בָּתֵּיהֶ֖ם</w>
        <w>נְאֻם־</w>
        <w>יְהוָֽה׃</w>
        <samekh/>
      </v>
      <vs>11</vs>
    </c>
    <c n="12">
      <v n="1">
        <w>סְבָבֻ֤נִי</w>
        <w>בְכַ֙חַשׁ֙</w>
        <w>אֶפְרַ֔יִם</w>
        <w>וּבְמִרְמָ֖ה</w>
        <w>בֵּ֣ית</w>
        <w>יִשְׂרָאֵ֑ל</w>
        <w>וִֽיהוּדָ֗ה</w>
        <w>עֹ֥ד</w>
        <w>רָד֙</w>
        <w>עִם־</w>
        <w>אֵ֔ל</w>
        <w>וְעִם־</w>
        <w>קְדוֹשִׁ֖ים</w>
        <w>נֶאֱמָֽן׃</w>
      </v>
      <v n="2">
        <w>אֶפְרַ֜יִם</w>
        <w>רֹעֶ֥ה</w>
        <w>ר֙וּחַ֙</w>
        <w>וְרֹדֵ֣ף</w>
        <w>קָדִ֔ים</w>
        <w>כָּל־</w>
        <w>הַיּ֕וֹם</w>
        <w>כָּזָ֥ב</w>
        <w>וָשֹׁ֖ד</w>
        <w>יַרְבֶּ֑ה</w>
        <w>וּבְרִית֙</w>
        <w>עִם־</w>
        <w>אַשּׁ֣וּר</w>
        <w>יִכְרֹ֔תוּ</w>
        <w>וְשֶׁ֖מֶן</w>
        <w>לְמִצְרַ֥יִם</w>
        <w>יוּבָֽל׃</w>
      </v>
      <v n="3">
        <w>וְרִ֥יב</w>
        <w>לַֽיהוָ֖ה</w>
        <w>עִם־</w>
        <w>יְהוּדָ֑ה</w>
        <w>וְלִפְקֹ֤ד</w>
        <w>עַֽל־</w>
        <w>יַעֲקֹב֙</w>
        <w>כִּדְרָכָ֔יו</w>
        <w>כְּמַעֲלָלָ֖יו</w>
        <w>יָשִׁ֥יב</w>
        <w>לֽוֹ׃</w>
      </v>
      <v n="4">
        <w>בַּבֶּ֖טֶן</w>
        <w>עָקַ֣ב</w>
        <w>אֶת־</w>
        <w>אָחִ֑יו</w>
        <w>וּבְאוֹנ֖וֹ</w>
        <w>שָׂרָ֥ה</w>
        <w>אֶת־</w>
        <w>אֱלֹהִֽים׃</w>
      </v>
      <v n="5">
        <w>וַיָּ֤שַׂר</w>
        <w>אֶל־</w>
        <w>מַלְאָךְ֙</w>
        <w>וַיֻּכָ֔ל</w>
        <w>בָּכָ֖ה</w>
        <w>וַיִּתְחַנֶּן־</w>
        <w>ל֑וֹ</w>
        <w>בֵּֽית־</w>
        <w>אֵל֙</w>
        <w>יִמְצָאֶ֔נּוּ</w>
        <w>וְשָׁ֖ם</w>
        <w>יְדַבֵּ֥ר</w>
        <w>עִמָּֽנוּ׃</w>
      </v>
      <v n="6">
        <w>וַֽיהוָ֖ה</w>
        <w>אֱלֹהֵ֣י</w>
        <w>הַצְּבָא֑וֹת</w>
        <w>יְהוָ֖ה</w>
        <w>זִכְרֽוֹ׃</w>
      </v>
      <v n="7">
        <w>וְאַתָּ֖ה</w>
        <w>בֵּאלֹהֶ֣יךָ</w>
        <w>תָשׁ֑וּב</w>
        <w>חֶ֤סֶד</w>
        <w>וּמִשְׁפָּט֙</w>
        <w>שְׁמֹ֔ר</w>
        <w>וְקַוֵּ֥ה</w>
        <w>אֶל־</w>
        <w>אֱלֹהֶ֖יךָ</w>
        <w>תָּמִֽיד׃</w>
      </v>
      <v n="8">
        <w>כְּנַ֗עַן</w>
        <w>בְּיָד֛וֹ</w>
        <w>מֹאזְנֵ֥י</w>
        <w>מִרְמָ֖ה</w>
        <w>לַעֲשֹׁ֥ק</w>
        <w>אָהֵֽב׃</w>
      </v>
      <v n="9">
        <w>וַיֹּ֣אמֶר</w>
        <w>אֶפְרַ֔יִם</w>
        <w>אַ֣ךְ</w>
        <w>עָשַׁ֔רְתִּי</w>
        <w>מָצָ֥אתִי</w>
        <w>א֖וֹן</w>
        <w>לִ֑י</w>
        <w>כָּל־</w>
        <w>יְגִיעַ֕י</w>
        <w>לֹ֥א</w>
        <w>יִמְצְאוּ־</w>
        <w>לִ֖י</w>
        <w>עָוֺ֥ן</w>
        <w>אֲשֶׁר־</w>
        <w>חֵֽטְא׃</w>
      </v>
      <v n="10">
        <w>וְאָנֹכִ֛י</w>
        <w>יְהוָ֥ה</w>
        <w>אֱלֹהֶ֖יךָ</w>
        <w>מֵאֶ֣רֶץ</w>
        <w>מִצְרָ֑יִם</w>
        <w>עֹ֛ד</w>
        <w>אוֹשִֽׁיבְךָ֥</w>
        <w>בָ<x>t</x>אֳהָלִ֖ים</w>
        <w>כִּימֵ֥י</w>
        <w>מוֹעֵֽד׃</w>
      </v>
      <v n="11">
        <w>וְדִבַּ֙רְתִּי֙</w>
        <w>עַל־</w>
        <w>הַנְּבִיאִ֔ים</w>
        <w>וְאָנֹכִ֖י</w>
        <w>חָז֣וֹן</w>
        <w>הִרְבֵּ֑יתִי</w>
        <w>וּבְיַ֥ד</w>
        <w>הַנְּבִיאִ֖ים</w>
        <w>אֲדַמֶּֽה׃</w>
      </v>
      <v n="12">
        <w>אִם־</w>
        <w>גִּלְעָ֥ד</w>
        <w>אָ֙וֶן֙</w>
        <w>אַךְ־</w>
        <w>שָׁ֣וְא</w>
        <w>הָי֔וּ</w>
        <w>בַּגִּלְגָּ֖ל</w>
        <w>שְׁוָרִ֣ים</w>
        <w>זִבֵּ֑חוּ</w>
        <w>גַּ֤ם</w>
        <w>מִזְבְּחוֹתָם֙</w>
        <w>כְּגַלִּ֔ים</w>
        <w>עַ֖ל</w>
        <w>תַּלְמֵ֥י</w>
        <w>שָׂדָֽי׃</w>
      </v>
      <v n="13">
        <w>וַיִּבְרַ֥ח</w>
        <w>יַעֲקֹ֖ב</w>
        <w>שְׂדֵ֣ה</w>
        <w>אֲרָ֑ם</w>
        <w>וַיַּעֲבֹ֤ד</w>
        <w>יִשְׂרָאֵל֙</w>
        <w>בְּאִשָּׁ֔ה</w>
        <w>וּבְאִשָּׁ֖ה</w>
        <w>שָׁמָֽר׃</w>
      </v>
      <v n="14">
        <w>וּבְנָבִ֕יא</w>
        <w>הֶעֱלָ֧ה</w>
        <w>יְהוָ֛ה</w>
        <w>אֶת־</w>
        <w>יִשְׂרָאֵ֖ל</w>
        <w>מִמִּצְרָ֑יִם</w>
        <w>וּבְנָבִ֖יא</w>
        <w>נִשְׁמָֽר׃</w>
      </v>
      <v n="15">
        <w>הִכְעִ֥יס</w>
        <w>אֶפְרַ֖יִם</w>
        <w>תַּמְרוּרִ֑ים</w>
        <w>וְדָמָיו֙</w>
        <w>עָלָ֣יו</w>
        <w>יִטּ֔וֹשׁ</w>
        <w>וְחֶ֨רְפָּת֔וֹ</w>
        <w>יָשִׁ֥יב</w>
        <w>ל֖וֹ</w>
        <w>אֲדֹנָֽיו׃</w>
      </v>
      <vs>15</vs>
    </c>
    <c n="13">
      <v n="1">
        <w>כְּדַבֵּ֤ר</w>
        <w>אֶפְרַ֙יִם֙</w>
        <w>רְתֵ֔ת</w>
        <w>נָשָׂ֥א</w>
        <w>ה֖וּא</w>
        <w>בְּיִשְׂרָאֵ֑ל</w>
        <w>וַיֶּאְשַׁ֥ם</w>
        <w>בַּבַּ֖עַל</w>
        <w>וַיָּמֹֽת׃</w>
      </v>
      <v n="2">
        <w>וְעַתָּ֣ה ׀</w>
        <w>יוֹסִ֣פוּ</w>
        <w>לַחֲטֹ֗א</w>
        <w>וַיַּעְשׂ֣וּ</w>
        <w>לָהֶם֩</w>
        <w>מַסֵּכָ֨ה</w>
        <w>מִכַּסְפָּ֤ם</w>
        <w>כִּתְבוּנָם֙</w>
        <w>עֲצַבִּ֔ים</w>
        <w>מַעֲשֵׂ֥ה</w>
        <w>חָרָשִׁ֖ים</w>
        <w>כֻּלֹּ֑ה</w>
        <w>לָהֶם֙</w>
        <w>הֵ֣ם</w>
        <w>אֹמְרִ֔ים</w>
        <w>זֹבְחֵ֣י</w>
        <w>אָדָ֔ם</w>
        <w>עֲגָלִ֖ים</w>
        <w>יִשָּׁקֽוּן׃</w>
      </v>
      <v n="3">
        <w>לָכֵ֗ן</w>
        <w>יִֽהְיוּ֙</w>
        <w>כַּעֲנַן־</w>
        <w>בֹּ֔קֶר</w>
        <w>וְכַטַּ֖ל</w>
        <w>מַשְׁכִּ֣ים</w>
        <w>הֹלֵ֑ךְ</w>
        <w>כְּמֹץ֙</w>
        <w>יְסֹעֵ֣ר</w>
        <w>מִגֹּ֔רֶן</w>
        <w>וּכְעָשָׁ֖ן</w>
        <w>מֵאֲרֻבָּֽה׃</w>
      </v>
      <v n="4">
        <w>וְאָנֹכִ֛י</w>
        <w>יְהוָ֥ה</w>
        <w>אֱלֹהֶ֖יךָ</w>
        <w>מֵאֶ֣רֶץ</w>
        <w>מִצְרָ֑יִם</w>
        <w>וֵאלֹהִ֤ים</w>
        <w>זֽוּלָתִי֙</w>
        <w>לֹ֣א</w>
        <w>תֵדָ֔ע</w>
        <w>וּמוֹשִׁ֥יעַ</w>
        <w>אַ֖יִן</w>
        <w>בִּלְתִּֽי׃</w>
      </v>
      <v n="5">
        <w>אֲנִ֥י</w>
        <w>יְדַעְתִּ֖יךָ</w>
        <w>בַּמִּדְבָּ֑ר</w>
        <w>בְּאֶ֖רֶץ</w>
        <w>תַּלְאֻבֽוֹת׃</w>
      </v>
      <v n="6">
        <w>כְּמַרְעִיתָם֙</w>
        <w>וַיִּשְׂבָּ֔עוּ</w>
        <w>שָׂבְע֖וּ</w>
        <w>וַיָּ֣רָם</w>
        <w>לִבָּ֑ם</w>
        <w>עַל־</w>
        <w>כֵּ֖ן</w>
        <w>שְׁכֵחֽוּנִי׃</w>
      </v>
      <v n="7">
        <w>וָאֱהִ֥י</w>
        <w>לָהֶ֖ם</w>
        <w>כְּמוֹ־</w>
        <w>שָׁ֑חַל</w>
        <w>כְּנָמֵ֖ר</w>
        <w>עַל־</w>
        <w>דֶּ֥רֶךְ</w>
        <w>אָשֽׁוּר׃</w>
      </v>
      <v n="8">
        <w>אֶפְגְּשֵׁם֙</w>
        <w>כְּדֹ֣ב</w>
        <w>שַׁכּ֔וּל</w>
        <w>וְאֶקְרַ֖ע</w>
        <w>סְג֣וֹר</w>
        <w>לִבָּ֑ם</w>
        <w>וְאֹכְלֵ֥ם</w>
        <w>שָׁם֙</w>
        <w>כְּלָבִ֔יא</w>
        <w>חַיַּ֥ת</w>
        <w>הַשָּׂדֶ֖ה</w>
        <w>תְּבַקְּעֵֽם׃</w>
      </v>
      <v n="9">
        <w>שִֽׁחֶתְךָ֥</w>
        <w>יִשְׂרָאֵ֖ל</w>
        <w>כִּֽי־</w>
        <w>בִ֥י</w>
        <w>בְעֶזְרֶֽךָ׃</w>
      </v>
      <v n="10">
        <w>אֱהִ֤י</w>
        <w>מַלְכְּךָ֙</w>
        <w>אֵפ֔וֹא</w>
        <w>וְיוֹשִֽׁיעֲךָ֖</w>
        <w>בְּכָל־</w>
        <w>עָרֶ֑יךָ</w>
        <w>וְשֹׁ֣פְטֶ֔יךָ</w>
        <w>אֲשֶׁ֣ר</w>
        <w>אָמַ֔רְתָּ</w>
        <w>תְּנָה־</w>
        <w>לִּ֖י</w>
        <w>מֶ֥לֶךְ</w>
        <w>וְשָׂרִֽים׃</w>
      </v>
      <v n="11">
        <w>אֶֽתֶּן־</w>
        <w>לְךָ֥</w>
        <w>מֶ֙לֶךְ֙</w>
        <w>בְּאַפִּ֔י</w>
        <w>וְאֶקַּ֖ח</w>
        <w>בְּעֶבְרָתִֽי׃</w>
        <samekh/>
      </v>
      <v n="12">
        <w>צָרוּר֙</w>
        <w>עֲוֺ֣ן</w>
        <w>אֶפְרָ֔יִם</w>
        <w>צְפוּנָ֖ה</w>
        <w>חַטָּאתֽוֹ׃</w>
      </v>
      <v n="13">
        <w>חֶבְלֵ֥י</w>
        <w>יֽוֹלֵדָ֖ה</w>
        <w>יָבֹ֣אוּ</w>
        <w>ל֑וֹ</w>
        <w>הוּא־</w>
        <w>בֵן֙</w>
        <w>לֹ֣א</w>
        <w>חָכָ֔ם</w>
        <w>כִּֽי־</w>
        <w>עֵ֥ת</w>
        <w>לֹֽא־</w>
        <w>יַעֲמֹ֖ד</w>
        <w>בְּמִשְׁבַּ֥ר</w>
        <w>בָּנִֽים׃</w>
      </v>
      <v n="14">
        <w>מִיַּ֤ד</w>
        <w>שְׁאוֹל֙</w>
        <w>אֶפְדֵּ֔ם</w>
        <w>מִמָּ֖וֶת</w>
        <w>אֶגְאָלֵ֑ם</w>
        <w>אֱהִ֨י</w>
        <w>דְבָרֶיךָ֜</w>
        <w>מָ֗וֶת</w>
        <w>אֱהִ֤י</w>
        <w>קָֽטָבְךָ֙</w>
        <w>שְׁא֔וֹל</w>
        <w>נֹ֖חַם</w>
        <w>יִסָּתֵ֥ר</w>
        <w>מֵעֵינָֽי׃</w>
      </v>
      <v n="15">
        <w>כִּ֣י</w>
        <w>ה֔וּא</w>
        <w>בֵּ֥ן</w>
        <w>אַחִ֖ים</w>
        <w>יַפְרִ֑יא</w>
        <w>יָב֣וֹא</w>
        <w>קָדִים֩</w>
        <w>ר֨וּחַ</w>
        <w>יְהוָ֜ה</w>
        <w>מִמִּדְבָּ֣ר</w>
        <w>עֹלֶ֗ה</w>
        <w>וְיֵב֤וֹשׁ</w>
        <w>מְקוֹרוֹ֙</w>
        <w>וְיֶחֱרַ֣ב</w>
        <w>מַעְיָנ֔וֹ</w>
        <w>ה֣וּא</w>
        <w>יִשְׁסֶ֔ה</w>
        <w>אוֹצַ֖ר</w>
        <w>כָּל־</w>
        <w>כְּלִ֥י</w>
        <w>חֶמְדָּֽה׃</w>
      </v>
      <vs>15</vs>
    </c>
    <c n="14">
      <v n="1">
        <w>תֶּאְשַׁם֙</w>
        <w>שֹֽׁמְר֔וֹן</w>
        <w>כִּ֥י</w>
        <w>מָרְתָ֖ה</w>
        <w>בֵּֽאלֹהֶ֑יהָ</w>
        <w>בַּחֶ֣רֶב</w>
        <w>יִפֹּ֔לוּ</w>
        <w>עֹלְלֵיהֶ֣ם</w>
        <w>יְרֻטָּ֔שׁוּ</w>
        <w>וְהָרִיּוֹתָ֖יו</w>
        <w>יְבֻקָּֽעוּ׃</w>
        <pe/>
      </v>
      <v n="2">
        <w>שׁ֚וּבָה</w>
        <w>יִשְׂרָאֵ֔ל</w>
        <w>עַ֖ד</w>
        <w>יְהוָ֣ה</w>
        <w>אֱלֹהֶ֑יךָ</w>
        <w>כִּ֥י</w>
        <w>כָשַׁ֖לְתָּ</w>
        <w>בַּעֲוֺנֶֽךָ׃</w>
      </v>
      <v n="3">
        <w>קְח֤וּ</w>
        <w>עִמָּכֶם֙</w>
        <w>דְּבָרִ֔ים</w>
        <w>וְשׁ֖וּבוּ</w>
        <w>אֶל־</w>
        <w>יְהוָ֑ה</w>
        <w>אִמְר֣וּ</w>
        <w>אֵלָ֗יו</w>
        <w>כָּל־</w>
        <w>תִּשָּׂ֤א</w>
        <w>עָוֺן֙</w>
        <w>וְקַח־</w>
        <w>ט֔וֹב</w>
        <w>וּֽנְשַׁלְּמָ֥ה</w>
        <w>פָרִ֖ים</w>
        <w>שְׂפָתֵֽינוּ׃</w>
      </v>
      <v n="4">
        <w>אַשּׁ֣וּר ׀</w>
        <w>לֹ֣א</w>
        <w>יוֹשִׁיעֵ֗נוּ</w>
        <w>עַל־</w>
        <w>סוּס֙</w>
        <w>לֹ֣א</w>
        <w>נִרְכָּ֔ב</w>
        <w>וְלֹא־</w>
        <w>נֹ֥אמַר</w>
        <w>ע֛וֹד</w>
        <w>אֱלֹהֵ֖ינוּ</w>
        <w>לְמַעֲשֵׂ֣ה</w>
        <w>יָדֵ֑ינוּ</w>
        <w>אֲשֶׁר־</w>
        <w>בְּךָ֖</w>
        <w>יְרֻחַ֥ם</w>
        <w>יָתֽוֹם׃</w>
      </v>
      <v n="5">
        <w>אֶרְפָּא֙</w>
        <w>מְשׁ֣וּבָתָ֔ם</w>
        <w>אֹהֲבֵ֖ם</w>
        <w>נְדָבָ֑ה</w>
        <w>כִּ֛י</w>
        <w>שָׁ֥ב</w>
        <w>אַפִּ֖י</w>
        <w>מִמֶּֽנּוּ׃</w>
      </v>
      <v n="6">
        <w>אֶהְיֶ֤ה</w>
        <w>כַטַּל֙</w>
        <w>לְיִשְׂרָאֵ֔ל</w>
        <w>יִפְרַ֖ח</w>
        <w>כַּשּֽׁוֹשַׁנָּ֑ה</w>
        <w>וְיַ֥ךְ</w>
        <w>שָׁרָשָׁ֖יו</w>
        <w>כַּלְּבָנֽוֹן׃</w>
      </v>
      <v n="7">
        <w>יֵֽלְכוּ֙</w>
        <w>יֹֽנְקוֹתָ֔יו</w>
        <w>וִיהִ֥י</w>
        <w>כַזַּ֖יִת</w>
        <w>הוֹד֑וֹ</w>
        <w>וְרֵ֥יחַֽ</w>
        <w>ל֖וֹ</w>
        <w>כַּלְּבָנֽוֹן׃</w>
      </v>
      <v n="8">
        <w>יָשֻׁ֙בוּ֙</w>
        <w>יֹשְׁבֵ֣י</w>
        <w>בְצִלּ֔וֹ</w>
        <w>יְחַיּ֥וּ</w>
        <w>דָגָ֖ן</w>
        <w>וְיִפְרְח֣וּ</w>
        <w>כַגָּ֑פֶן</w>
        <w>זִכְר֖וֹ</w>
        <w>כְּיֵ֥ין</w>
        <w>לְבָנֽוֹן׃</w>
        <samekh/>
      </v>
      <v n="9">
        <w>אֶפְרַ֕יִם</w>
        <w>מַה־</w>
        <w>לִּ֥י</w>
        <w>ע֖וֹד</w>
        <w>לָֽעֲצַבִּ֑ים</w>
        <w>אֲנִ֧י</w>
        <w>עָנִ֣יתִי</w>
        <w>וַאֲשׁוּרֶ֗נּוּ</w>
        <w>אֲנִי֙</w>
        <w>כִּבְר֣וֹשׁ</w>
        <w>רַֽעֲנָ֔ן</w>
        <w>מִמֶּ֖נִּי</w>
        <w>פֶּרְיְךָ֥</w>
        <w>נִמְצָֽא׃</w>
      </v>
      <v n="10">
        <w>מִ֤י</w>
        <w>חָכָם֙</w>
        <w>וְיָ֣בֵֽן</w>
        <w>אֵ֔לֶּה</w>
        <w>נָב֖וֹן</w>
        <w>וְיֵֽדָעֵ֑ם</w>
        <w>כִּֽי־</w>
        <w>יְשָׁרִ֞ים</w>
        <w>דַּרְכֵ֣י</w>
        <w>יְהוָ֗ה</w>
        <w>וְצַדִּקִים֙</w>
        <w>יֵ֣לְכוּ</w>
        <w>בָ֔ם</w>
        <w>וּפֹשְׁעִ֖ים</w>
        <w>יִכָּ֥שְׁלוּ</w>
        <w>בָֽם׃</w>
      </v>
      <vs>10</vs>
    </c>
    <vs>197</vs>
    <cs>14</cs>
  </book>
</tanach>
<notes>
  <note>
    <code>4</code>
    <gccode>4</gccode>
    <note>Puncta extraordinaria -- an x05c4 is used to mark such marks in the text when they are above the line and an x05c5 when they are below the line. </note>
  </note>
  <note>
    <code>5</code>
    <gccode>5</gccode>
    <note>Large letter(s). Shown as large letters.</note>
  </note>
  <note>
    <code>6</code>
    <gccode>6</gccode>
    <note>Small letter(s). Shown as small letters.</note>
  </note>
  <note>
    <code>7</code>
    <gccode>7</gccode>
    <note>Suspended letter(s). Shown as suspended letters.</note>
  </note>
  <note>
    <code>8</code>
    <gccode>8</gccode>
    <note>Inverted nun in the text.</note>
  </note>
  <note>
    <code>c</code>
    <gccode>c</gccode>
    <note>Text is correct relative to LC. Usually this marks a peculiarity of the LC relative to the other Masoretic texts.</note>
  </note>
  <note>
    <code>d</code>
    <gccode>d</gccode>
    <note>This tipeha is a dehi in other texts.</note>
  </note>
  <note>
    <code>m</code>
    <gccode>m</gccode>
    <note>This meteg is a merkha in other texts.</note>
  </note>
  <note>
    <code>t</code>
    <gccode>t</gccode>
    <note>Transcription uncertain. Examine the LC image for other possible readings.</note>
  </note>
  <note>
    <code>X</code>
    <gccode>X</gccode>
    <note>This verse does NOT occur in the Leningrad Codex. Included for continuity of verse numbering.</note>
  </note>
</notes>
</Tanach>
