<?xml version="1.0" encoding="UTF-8"?>
<!-- Copyright C.V.Kimball 2013 -->
<Tanach xmlns:xsi="http://www.w3.org/2001/XMLSchema-instance" xsi:noNamespaceSchemaLocation="../XSL/Tanach.xsd">
<teiHeader>
  <fileDesc>
    <titleStmt>
      <title level="s" type="uniform">Tanach</title>
      <title level="s" type="uniformhebrew">תנ״ך</title>
      <title level="s" type="main">Unicode/XML Leningrad Codex</title>
      <title level="a" type="main">Joel</title>
      <title level="a" type="mainhebrew">יואל</title>
      <title level="a" type="filename">Joel</title>
      <editor>Shemu'el ben Ya'akov</editor>
      <editor>Aharon ben-Mosheh ben-Asher</editor>
      <respStmt>
        <resp>Publisher:</resp>
        <name>Christopher V. Kimball</name>
        <name type="email">mail@cvkimball.com</name>
      </respStmt>
    </titleStmt>
    <editionStmt>
      <edition>Unicode/XML Leningrad Codex (UXLC)
        <version>UXLC 2.1</version>
        <date>1 Apr 2024</date>
        <build>27.2</build>
        <buildDateTime>31 Mar 2024  06:58</buildDateTime>
      </edition>
<respStmt>
<resp>WLC2XML[21 Apr 2023] - Transcription from Michigan-Claremont encoding to Unicode with XML markings. See details in notes.</resp>
<resp>ScanReplace/EditWLC[30 Dec 2020] - Edits/removes transcription notes; removes MDs.</resp>
<resp>ScanReplace/InsertCGJs[29 Dec 2020] - Places CGJ in Jerusalem VUV words and leading metegs.</resp>
<resp>Updater[15 Sep 2023] - Changes.xml file dated 2020.02.19 . </resp>
<resp>Updater[15 Sep 2023] - Changes.xml file dated 2020.10.19 . </resp>
<resp>Updater[15 Sep 2023] - Changes.xml file dated 2021.04.01 . </resp>
<resp>Updater[15 Sep 2023] - Changes.xml file dated 2021.10.19 . </resp>
<resp>Updater[15 Sep 2023] - Changes.xml file dated 2022.04.01 . </resp>
<resp>Updater[15 Sep 2023] - Changes.xml file dated 2022.07.04 . </resp>
<resp>Updater[15 Sep 2023] - Changes.xml file dated 2022.10.19 . </resp>
<resp>Updater[15 Sep 2023] - Changes.xml file dated 2022.12.07 . </resp>
<resp>Updater[15 Sep 2023] - Changes.xml file dated 2023.04.01 . </resp>
<resp>Updater[15 Sep 2023] - Changes.xml file dated 2023.07.04 . </resp>
<resp>Updater[15 Sep 2023] - Changes.xml file dated 2023.10.19 . </resp>
<resp>Updater[15 Sep 2023] - Changes.xml file dated 2024.04.01 . </resp>
</respStmt>
    </editionStmt>
    <extent>41046</extent>
    <publicationStmt>
      <distributor>Via web site:
        <name>Christopher V. Kimball</name>
        <name type="url">https://tanach.us/Tanach.xml</name>
        <name type="email">mail@cvkimball.com</name>
      </distributor>
      <availability status="free">Freely available</availability>
    </publicationStmt>
    <notesStmt>
      <note>The original text file wlc420_ps.txt was provided by the Groves Center. 
The file has the MD5 hash: d31a 6a6e 9afa bf82 272c 2efb 0522 a12e 
and was dated 25 Jan 2016. Six transcription notes (5,7,F) have been moved to the noted character (Lev 11:42.4, Judg 18:30.11, Isa 9.6.1, Ps 80:14.3, Job 38:13.5, Job 38:15.2) to produce the file wlc420_ps_td.txt for conversion to Unicode and XML by the program WLC2XML. The only other changes to the Groves Center text are: The book names in English and Hebrew of the Jewish Publication Society Tanach and book abbreviations from the New Revised Standard Version have been added. MC code 32 added as atnah hafukh by Steve Salisbury, 30 Sep 2021. The atnah hafukh codepoint, x05a2, has been added to the character table; it does not appear in WLC 4.20. </note>
    <correction>
<citation>4:16.2</citation>
<description>Add note 'c' to tsadi with unexpected dagesh.</description>
<author>Ben Denckla</author>
<filedate>2022.04.01</filedate>
<date>2022.02.16</date>
<n>3</n>
</correction>
</notesStmt>
    <sourceDesc>
      <biblItem>
        <title>Hebrew Bible</title>
        <title>Leningrad Codex</title>
        <editor>Shemu'el ben Ya'akov</editor>
        <editor>Aharon ben-Mosheh ben-Asher</editor>
        <edition>Original document</edition>
        <imprint>
          <publisher>Russian National Library (Saltykov-Shchedrin)</publisher>
          <pubPlace>St. Petersburg (Leningrad)</pubPlace>
          <date>1008</date>
        </imprint>
        <idno type="Accession">Firkovich B 19 A</idno>
      </biblItem>
      <biblItem>
        <title>The Leningrad Codex - A Facsimile Edition</title>
        <editor>Freedman, David Noel</editor>
        <editor>Beck, Astrid B.</editor>
        <edition>First</edition>
        <imprint>
          <publisher>Wm. B. Eerdmans Publishing Co.</publisher>
          <pubPlace>Grand Rapids, MI</pubPlace>
          <date>1998</date>
        </imprint>
        <idno type="IBSN">0-8028-3786-7</idno>
      </biblItem>
      <biblItem>
        <title>The Westminster Leningrad Codex</title>
        <editor>Salisbury, Stephen K.</editor>
        <edition>WLC 4.20</edition>
        <imprint>
          <publisher>The J. Alan Groves Center for Advanced Biblical Research ("Groves Center").</publisher>
          <pubPlace>2960 Church Rd.</pubPlace>
          <pubPlace>Glenside, PA 19038</pubPlace>
          <date>25 January 2016</date>
        </imprint>
        <idno type="Unknown"/>
      </biblItem>
    </sourceDesc>
  </fileDesc>
  <encodingDesc>
  </encodingDesc>
  <profileDesc>
    <creation>From WLC 4.20 provided by the Groves Center.</creation>
    <date>25 Jan 2016</date>
    <langUsage>
      <language ident="HE">Hebrew</language>
    </langUsage>
  </profileDesc>
</teiHeader>
<tanach>
  <book>
    <names>
      <name>Joel</name>
      <abbrev>Joel</abbrev>
      <number>16</number>
      <filename>Joel</filename>
      <hebrewname>יואל</hebrewname>
    </names>
    <c n="1">
      <v n="1">
        <w>דְּבַר־</w>
        <w>יְהוָה֙</w>
        <w>אֲשֶׁ֣ר</w>
        <w>הָיָ֔ה</w>
        <w>אֶל־</w>
        <w>יוֹאֵ֖ל</w>
        <w>בֶּן־</w>
        <w>פְּתוּאֵֽל׃</w>
      </v>
      <v n="2">
        <w>שִׁמְעוּ־</w>
        <w>זֹאת֙</w>
        <w>הַזְּקֵנִ֔ים</w>
        <w>וְהַֽאֲזִ֔ינוּ</w>
        <w>כֹּ֖ל</w>
        <w>יוֹשְׁבֵ֣י</w>
        <w>הָאָ֑רֶץ</w>
        <w>הֶהָ֤יְתָה</w>
        <w>זֹּאת֙</w>
        <w>בִּֽימֵיכֶ֔ם</w>
        <w>וְאִ֖ם</w>
        <w>בִּימֵ֥י</w>
        <w>אֲבֹֽתֵיכֶֽם׃</w>
      </v>
      <v n="3">
        <w>עָלֶ֖יהָ</w>
        <w>לִבְנֵיכֶ֣ם</w>
        <w>סַפֵּ֑רוּ</w>
        <w>וּבְנֵיכֶם֙</w>
        <w>לִבְנֵיהֶ֔ם</w>
        <w>וּבְנֵיהֶ֖ם</w>
        <w>לְד֥וֹר</w>
        <w>אַחֵֽר׃</w>
      </v>
      <v n="4">
        <w>יֶ֤תֶר</w>
        <w>הַגָּזָם֙</w>
        <w>אָכַ֣ל</w>
        <w>הָֽאַרְבֶּ֔ה</w>
        <w>וְיֶ֥תֶר</w>
        <w>הָאַרְבֶּ֖ה</w>
        <w>אָכַ֣ל</w>
        <w>הַיָּ֑לֶק</w>
        <w>וְיֶ֣תֶר</w>
        <w>הַיֶּ֔לֶק</w>
        <w>אָכַ֖ל</w>
        <w>הֶחָסִֽיל׃</w>
      </v>
      <v n="5">
        <w>הָקִ֤יצוּ</w>
        <w>שִׁכּוֹרִים֙</w>
        <w>וּבְכ֔וּ</w>
        <w>וְהֵילִ֖לוּ</w>
        <w>כָּל־</w>
        <w>שֹׁ֣תֵי</w>
        <w>יָ֑יִן</w>
        <w>עַל־</w>
        <w>עָסִ֕יס</w>
        <w>כִּ֥י</w>
        <w>נִכְרַ֖ת</w>
        <w>מִפִּיכֶֽם׃</w>
      </v>
      <v n="6">
        <w>כִּֽי־</w>
        <w>גוֹי֙</w>
        <w>עָלָ֣ה</w>
        <w>עַל־</w>
        <w>אַרְצִ֔י</w>
        <w>עָצ֖וּם</w>
        <w>וְאֵ֣ין</w>
        <w>מִסְפָּ֑ר</w>
        <w>שִׁנָּיו֙</w>
        <w>שִׁנֵּ֣י</w>
        <w>אַרְיֵ֔ה</w>
        <w>וּֽמְתַלְּע֥וֹת</w>
        <w>לָבִ֖יא</w>
        <w>לֽוֹ׃</w>
      </v>
      <v n="7">
        <w>שָׂ֤ם</w>
        <w>גַּפְנִי֙</w>
        <w>לְשַׁמָּ֔ה</w>
        <w>וּתְאֵנָתִ֖י</w>
        <w>לִקְצָפָ֑ה</w>
        <w>חָשֹׂ֤ף</w>
        <w>חֲשָׂפָהּ֙</w>
        <w>וְהִשְׁלִ֔יךְ</w>
        <w>הִלְבִּ֖ינוּ</w>
        <w>שָׂרִיגֶֽיהָ׃</w>
      </v>
      <v n="8">
        <w>אֱלִ֕י</w>
        <w>כִּבְתוּלָ֥ה</w>
        <w>חֲגֻֽרַת־</w>
        <w>שַׂ֖ק</w>
        <w>עַל־</w>
        <w>בַּ֥עַל</w>
        <w>נְעוּרֶֽיהָ׃</w>
      </v>
      <v n="9">
        <w>הָכְרַ֥ת</w>
        <w>מִנְחָ֛ה</w>
        <w>וָנֶ֖סֶךְ</w>
        <w>מִבֵּ֣ית</w>
        <w>יְהוָ֑ה</w>
        <w>אָֽבְלוּ֙</w>
        <w>הַכֹּ֣הֲנִ֔ים</w>
        <w>מְשָׁרְתֵ֖י</w>
        <w>יְהוָֽה׃</w>
      </v>
      <v n="10">
        <w>שֻׁדַּ֣ד</w>
        <w>שָׂדֶ֔ה</w>
        <w>אָבְלָ֖ה</w>
        <w>אֲדָמָ֑ה</w>
        <w>כִּ֚י</w>
        <w>שֻׁדַּ֣ד</w>
        <w>דָּגָ֔ן</w>
        <w>הוֹבִ֥ישׁ</w>
        <w>תִּיר֖וֹשׁ</w>
        <w>אֻמְלַ֥ל</w>
        <w>יִצְהָֽר׃</w>
      </v>
      <v n="11">
        <w>הֹבִ֣ישׁוּ</w>
        <w>אִכָּרִ֗ים</w>
        <w>הֵילִ֙ילוּ֙</w>
        <w>כֹּֽרְמִ֔ים</w>
        <w>עַל־</w>
        <w>חִטָּ֖ה</w>
        <w>וְעַל־</w>
        <w>שְׂעֹרָ֑ה</w>
        <w>כִּ֥י</w>
        <w>אָבַ֖ד</w>
        <w>קְצִ֥יר</w>
        <w>שָׂדֶֽה׃</w>
      </v>
      <v n="12">
        <w>הַגֶּ֣פֶן</w>
        <w>הוֹבִ֔ישָׁה</w>
        <w>וְהַתְּאֵנָ֖ה</w>
        <w>אֻמְלָ֑לָה</w>
        <w>רִמּ֞וֹן</w>
        <w>גַּם־</w>
        <w>תָּמָ֣ר</w>
        <w>וְתַפּ֗וּחַ</w>
        <w>כָּל־</w>
        <w>עֲצֵ֤י</w>
        <w>הַשָּׂדֶה֙</w>
        <w>יָבֵ֔שׁוּ</w>
        <w>כִּֽי־</w>
        <w>הֹבִ֥ישׁ</w>
        <w>שָׂשׂ֖וֹן</w>
        <w>מִן־</w>
        <w>בְּנֵ֥י</w>
        <w>אָדָֽם׃</w>
        <samekh/>
      </v>
      <v n="13">
        <w>חִגְר֨וּ</w>
        <w>וְסִפְד֜וּ</w>
        <w>הַכֹּהֲנִ֗ים</w>
        <w>הֵילִ֙ילוּ֙</w>
        <w>מְשָׁרְתֵ֣י</w>
        <w>מִזְבֵּ֔חַ</w>
        <w>בֹּ֚אוּ</w>
        <w>לִ֣ינוּ</w>
        <w>בַשַּׂקִּ֔ים</w>
        <w>מְשָׁרְתֵ֖י</w>
        <w>אֱלֹהָ֑י</w>
        <w>כִּ֥י</w>
        <w>נִמְנַ֛ע</w>
        <w>מִבֵּ֥ית</w>
        <w>אֱלֹהֵיכֶ֖ם</w>
        <w>מִנְחָ֥ה</w>
        <w>וָנָֽסֶךְ׃</w>
      </v>
      <v n="14">
        <w>קַדְּשׁוּ־</w>
        <w>צוֹם֙</w>
        <w>קִרְא֣וּ</w>
        <w>עֲצָרָ֔ה</w>
        <w>אִסְפ֣וּ</w>
        <w>זְקֵנִ֗ים</w>
        <w>כֹּ֚ל</w>
        <w>יֹשְׁבֵ֣י</w>
        <w>הָאָ֔רֶץ</w>
        <w>בֵּ֖ית</w>
        <w>יְהוָ֣ה</w>
        <w>אֱלֹהֵיכֶ֑ם</w>
        <w>וְזַעֲק֖וּ</w>
        <w>אֶל־</w>
        <w>יְהוָֽה׃</w>
      </v>
      <v n="15">
        <w>אֲהָ֖הּ</w>
        <w>לַיּ֑וֹם</w>
        <w>כִּ֤י</w>
        <w>קָרוֹב֙</w>
        <w>י֣וֹם</w>
        <w>יְהוָ֔ה</w>
        <w>וּכְשֹׁ֖ד</w>
        <w>מִשַׁדַּ֥י</w>
        <w>יָבֽוֹא׃</w>
      </v>
      <v n="16">
        <w>הֲל֛וֹא</w>
        <w>נֶ֥גֶד</w>
        <w>עֵינֵ֖ינוּ</w>
        <w>אֹ֣כֶל</w>
        <w>נִכְרָ֑ת</w>
        <w>מִבֵּ֥ית</w>
        <w>אֱלֹהֵ֖ינוּ</w>
        <w>שִׂמְחָ֥ה</w>
        <w>וָגִֽיל׃</w>
      </v>
      <v n="17">
        <w>עָבְשׁ֣וּ</w>
        <w>פְרֻד֗וֹת</w>
        <w>תַּ֚חַת</w>
        <w>מֶגְרְפֹ֣תֵיהֶ֔ם</w>
        <w>נָשַׁ֙מּוּ֙</w>
        <w>אֹֽצָר֔וֹת</w>
        <w>נֶהֶרְס֖וּ</w>
        <w>מַמְּגֻר֑וֹת</w>
        <w>כִּ֥י</w>
        <w>הֹבִ֖ישׁ</w>
        <w>דָּגָֽן׃</w>
      </v>
      <v n="18">
        <w>מַה־</w>
        <w>נֶּאֶנְחָ֣ה</w>
        <w>בְהֵמָ֗ה</w>
        <w>נָבֹ֙כוּ֙</w>
        <w>עֶדְרֵ֣י</w>
        <w>בָקָ֔ר</w>
        <w>כִּ֛י</w>
        <w>אֵ֥ין</w>
        <w>מִרְעֶ֖ה</w>
        <w>לָהֶ֑ם</w>
        <w>גַּם־</w>
        <w>עֶדְרֵ֥י</w>
        <w>הַצֹּ֖אן</w>
        <w>נֶאְשָֽׁמוּ׃</w>
      </v>
      <v n="19">
        <w>אֵלֶ֥יךָ</w>
        <w>יְהוָ֖ה</w>
        <w>אֶקְרָ֑א</w>
        <w>כִּ֣י</w>
        <w>אֵ֗שׁ</w>
        <w>אָֽכְלָה֙</w>
        <w>נְא֣וֹת</w>
        <w>מִדְבָּ֔ר</w>
        <w>וְלֶ֣הָבָ֔ה</w>
        <w>לִהֲטָ֖ה</w>
        <w>כָּל־</w>
        <w>עֲצֵ֥י</w>
        <w>הַשָּׂדֶֽה׃</w>
      </v>
      <v n="20">
        <w>גַּם־</w>
        <w>בַּהֲמ֥וֹת</w>
        <w>שָׂדֶ֖ה</w>
        <w>תַּעֲר֣וֹג</w>
        <w>אֵלֶ֑יךָ</w>
        <w>כִּ֤י</w>
        <w>יָֽבְשׁוּ֙</w>
        <w>אֲפִ֣יקֵי</w>
        <w>מָ֔יִם</w>
        <w>וְאֵ֕שׁ</w>
        <w>אָכְלָ֖ה</w>
        <w>נְא֥וֹת</w>
        <w>הַמִּדְבָּֽר׃</w>
        <pe/>
      </v>
      <vs>20</vs>
    </c>
    <c n="2">
      <v n="1">
        <w>תִּקְע֨וּ</w>
        <w>שׁוֹפָ֜ר</w>
        <w>בְּצִיּ֗וֹן</w>
        <w>וְהָרִ֙יעוּ֙</w>
        <w>בְּהַ֣ר</w>
        <w>קָדְשִׁ֔י</w>
        <w>יִרְגְּז֕וּ</w>
        <w>כֹּ֖ל</w>
        <w>יֹשְׁבֵ֣י</w>
        <w>הָאָ֑רֶץ</w>
        <w>כִּֽי־</w>
        <w>בָ֥א</w>
        <w>יוֹם־</w>
        <w>יְהוָ֖ה</w>
        <w>כִּ֥י</w>
        <w>קָרֽוֹב׃</w>
      </v>
      <v n="2">
        <w>י֧וֹם</w>
        <w>חֹ֣שֶׁךְ</w>
        <w>וַאֲפֵלָ֗ה</w>
        <w>י֤וֹם</w>
        <w>עָנָן֙</w>
        <w>וַעֲרָפֶ֔ל</w>
        <w>כְּשַׁ֖חַר</w>
        <w>פָּרֻ֣שׂ</w>
        <w>עַל־</w>
        <w>הֶֽהָרִ֑ים</w>
        <w>עַ֚ם</w>
        <w>רַ֣ב</w>
        <w>וְעָצ֔וּם</w>
        <w>כָּמֹ֗הוּ</w>
        <w>לֹ֤א</w>
        <w>נִֽהְיָה֙</w>
        <w>מִן־</w>
        <w>הָ֣עוֹלָ֔ם</w>
        <w>וְאַֽחֲרָיו֙</w>
        <w>לֹ֣א</w>
        <w>יוֹסֵ֔ף</w>
        <w>עַד־</w>
        <w>שְׁנֵ֖י</w>
        <w>דּ֥וֹר</w>
        <w>וָדֽוֹר׃</w>
      </v>
      <v n="3">
        <w>לְפָנָיו֙</w>
        <w>אָ֣כְלָה</w>
        <w>אֵ֔שׁ</w>
        <w>וְאַחֲרָ֖יו</w>
        <w>תְּלַהֵ֣ט</w>
        <w>לֶֽהָבָ֑ה</w>
        <w>כְּגַן־</w>
        <w>עֵ֨דֶן</w>
        <w>הָאָ֜רֶץ</w>
        <w>לְפָנָ֗יו</w>
        <w>וְאַֽחֲרָיו֙</w>
        <w>מִדְבַּ֣ר</w>
        <w>שְׁמָמָ֔ה</w>
        <w>וְגַם־</w>
        <w>פְּלֵיטָ֖ה</w>
        <w>לֹא־</w>
        <w>הָ֥יְתָה</w>
        <w>לּֽוֹ׃</w>
      </v>
      <v n="4">
        <w>כְּמַרְאֵ֥ה</w>
        <w>סוּסִ֖ים</w>
        <w>מַרְאֵ֑הוּ</w>
        <w>וּכְפָרָשִׁ֖ים</w>
        <w>כֵּ֥ן</w>
        <w>יְרוּצֽוּן׃</w>
      </v>
      <v n="5">
        <w>כְּק֣וֹל</w>
        <w>מַרְכָּב֗וֹת</w>
        <w>עַל־</w>
        <w>רָאשֵׁ֤י</w>
        <w>הֶֽהָרִים֙</w>
        <w>יְרַקֵּד֔וּן</w>
        <w>כְּקוֹל֙</w>
        <w>לַ֣הַב</w>
        <w>אֵ֔שׁ</w>
        <w>אֹכְלָ֖ה</w>
        <w>קָ֑שׁ</w>
        <w>כְּעַ֣ם</w>
        <w>עָצ֔וּם</w>
        <w>עֱר֖וּךְ</w>
        <w>מִלְחָמָֽה׃</w>
      </v>
      <v n="6">
        <w>מִפָּנָ֖יו</w>
        <w>יָחִ֣ילוּ</w>
        <w>עַמִּ֑ים</w>
        <w>כָּל־</w>
        <w>פָּנִ֖ים</w>
        <w>קִבְּצ֥וּ</w>
        <w>פָארֽוּר׃</w>
      </v>
      <v n="7">
        <w>כְּגִבּוֹרִ֣ים</w>
        <w>יְרֻצ֔וּן</w>
        <w>כְּאַנְשֵׁ֥י</w>
        <w>מִלְחָמָ֖ה</w>
        <w>יַעֲל֣וּ</w>
        <w>חוֹמָ֑ה</w>
        <w>וְאִ֤ישׁ</w>
        <w>בִּדְרָכָיו֙</w>
        <w>יֵֽלֵכ֔וּן</w>
        <w>וְלֹ֥א</w>
        <w>יְעַבְּט֖וּן</w>
        <w>אֹרְחוֹתָֽם׃</w>
      </v>
      <v n="8">
        <w>וְאִ֤ישׁ</w>
        <w>אָחִיו֙</w>
        <w>לֹ֣א</w>
        <w>יִדְחָק֔וּן</w>
        <w>גֶּ֥בֶר</w>
        <w>בִּמְסִלָּת֖וֹ</w>
        <w>יֵֽלֵכ֑וּן</w>
        <w>וּבְעַ֥ד</w>
        <w>הַשֶּׁ֛לַח</w>
        <w>יִפֹּ֖לוּ</w>
        <w>לֹ֥א</w>
        <w>יִבְצָֽעוּ׃</w>
      </v>
      <v n="9">
        <w>בָּעִ֣יר</w>
        <w>יָשֹׁ֗קּוּ</w>
        <w>בַּֽחוֹמָה֙</w>
        <w>יְרֻצ֔וּן</w>
        <w>בַּבָּתִּ֖ים</w>
        <w>יַעֲל֑וּ</w>
        <w>בְּעַ֧ד</w>
        <w>הַחַלּוֹנִ֛ים</w>
        <w>יָבֹ֖אוּ</w>
        <w>כַּגַּנָּֽב׃</w>
      </v>
      <v n="10">
        <w>לְפָנָיו֙</w>
        <w>רָ֣גְזָה</w>
        <w>אֶ֔רֶץ</w>
        <w>רָעֲשׁ֖וּ</w>
        <w>שָׁמָ֑יִם</w>
        <w>שֶׁ֤מֶשׁ</w>
        <w>וְיָרֵ֙חַ֙</w>
        <w>קָדָ֔רוּ</w>
        <w>וְכוֹכָבִ֖ים</w>
        <w>אָסְפ֥וּ</w>
        <w>נָגְהָֽם׃</w>
      </v>
      <v n="11">
        <w>וַֽיהוָ֗ה</w>
        <w>נָתַ֤ן</w>
        <w>קוֹלוֹ֙</w>
        <w>לִפְנֵ֣י</w>
        <w>חֵיל֔וֹ</w>
        <w>כִּ֣י</w>
        <w>רַ֤ב</w>
        <w>מְאֹד֙</w>
        <w>מַחֲנֵ֔הוּ</w>
        <w>כִּ֥י</w>
        <w>עָצ֖וּם</w>
        <w>עֹשֵׂ֣ה</w>
        <w>דְבָר֑וֹ</w>
        <w>כִּֽי־</w>
        <w>גָד֧וֹל</w>
        <w>יוֹם־</w>
        <w>יְהוָ֛ה</w>
        <w>וְנוֹרָ֥א</w>
        <w>מְאֹ֖ד</w>
        <w>וּמִ֥י</w>
        <w>יְכִילֶֽנּוּ׃</w>
      </v>
      <v n="12">
        <w>וְגַם־</w>
        <w>עַתָּה֙</w>
        <w>נְאֻם־</w>
        <w>יְהוָ֔ה</w>
        <w>שֻׁ֥בוּ</w>
        <w>עָדַ֖י</w>
        <w>בְּכָל־</w>
        <w>לְבַבְכֶ֑ם</w>
        <w>וּבְצ֥וֹם</w>
        <w>וּבְבְכִ֖י</w>
        <w>וּבְמִסְפֵּֽד׃</w>
      </v>
      <v n="13">
        <w>וְקִרְע֤וּ</w>
        <w>לְבַבְכֶם֙</w>
        <w>וְאַל־</w>
        <w>בִּגְדֵיכֶ֔ם</w>
        <w>וְשׁ֖וּבוּ</w>
        <w>אֶל־</w>
        <w>יְהוָ֣ה</w>
        <w>אֱלֹֽהֵיכֶ֑ם</w>
        <w>כִּֽי־</w>
        <w>חַנּ֤וּן</w>
        <w>וְרַחוּם֙</w>
        <w>ה֔וּא</w>
        <w>אֶ֤רֶךְ</w>
        <w>אַפַּ֙יִם֙</w>
        <w>וְרַב־</w>
        <w>חֶ֔סֶד</w>
        <w>וְנִחָ֖ם</w>
        <w>עַל־</w>
        <w>הָרָעָֽה׃</w>
      </v>
      <v n="14">
        <w>מִ֥י</w>
        <w>יוֹדֵ֖עַ</w>
        <w>יָשׁ֣וּב</w>
        <w>וְנִחָ֑ם</w>
        <w>וְהִשְׁאִ֤יר</w>
        <w>אַֽחֲרָיו֙</w>
        <w>בְּרָכָ֔ה</w>
        <w>מִנְחָ֣ה</w>
        <w>וָנֶ֔סֶךְ</w>
        <w>לַיהוָ֖ה</w>
        <w>אֱלֹהֵיכֶֽם׃</w>
        <pe/>
      </v>
      <v n="15">
        <w>תִּקְע֥וּ</w>
        <w>שׁוֹפָ֖ר</w>
        <w>בְּצִיּ֑וֹן</w>
        <w>קַדְּשׁוּ־</w>
        <w>צ֖וֹם</w>
        <w>קִרְא֥וּ</w>
        <w>עֲצָרָֽה׃</w>
      </v>
      <v n="16">
        <w>אִסְפוּ־</w>
        <w>עָ֞ם</w>
        <w>קַדְּשׁ֤וּ</w>
        <w>קָהָל֙</w>
        <w>קִבְצ֣וּ</w>
        <w>זְקֵנִ֔ים</w>
        <w>אִסְפוּ֙</w>
        <w>עֽוֹלָלִ֔ים</w>
        <w>וְיֹנְקֵ֖י</w>
        <w>שָׁדָ֑יִם</w>
        <w>יֵצֵ֤א</w>
        <w>חָתָן֙</w>
        <w>מֵֽחֶדְר֔וֹ</w>
        <w>וְכַלָּ֖ה</w>
        <w>מֵחֻפָּתָֽהּ׃</w>
      </v>
      <v n="17">
        <w>בֵּ֤ין</w>
        <w>הָאוּלָם֙</w>
        <w>וְלַמִּזְבֵּ֔חַ</w>
        <w>יִבְכּוּ֙</w>
        <w>הַכֹּ֣הֲנִ֔ים</w>
        <w>מְשָׁרְתֵ֖י</w>
        <w>יְהוָ֑ה</w>
        <w>וְֽיֹאמְר֞וּ</w>
        <w>ח֧וּסָה</w>
        <w>יְהוָ֣ה</w>
        <w>עַל־</w>
        <w>עַמֶּ֗ךָ</w>
        <w>וְאַל־</w>
        <w>תִּתֵּ֨ן</w>
        <w>נַחֲלָתְךָ֤</w>
        <w>לְחֶרְפָּה֙</w>
        <w>לִמְשָׁל־</w>
        <w>בָּ֣ם</w>
        <w>גּוֹיִ֔ם</w>
        <w>לָ֚מָּה</w>
        <w>יֹאמְר֣וּ</w>
        <w>בָֽעַמִּ֔ים</w>
        <w>אַיֵּ֖ה</w>
        <w>אֱלֹהֵיהֶֽם׃</w>
      </v>
      <v n="18">
        <w>וַיְקַנֵּ֥א</w>
        <w>יְהוָ֖ה</w>
        <w>לְאַרְצ֑וֹ</w>
        <w>וַיַּחְמֹ֖ל</w>
        <w>עַל־</w>
        <w>עַמּֽוֹ׃</w>
      </v>
      <v n="19">
        <w>וַיַּ֨עַן</w>
        <w>יְהוָ֜ה</w>
        <w>וַיֹּ֣אמֶר</w>
        <w>לְעַמּ֗וֹ</w>
        <w>הִנְנִ֨י</w>
        <w>שֹׁלֵ֤חַ</w>
        <w>לָכֶם֙</w>
        <w>אֶת־</w>
        <w>הַדָּגָן֙</w>
        <w>וְהַתִּיר֣וֹשׁ</w>
        <w>וְהַיִּצְהָ֔ר</w>
        <w>וּשְׂבַעְתֶּ֖ם</w>
        <w>אֹת֑וֹ</w>
        <w>וְלֹא־</w>
        <w>אֶתֵּ֨ן</w>
        <w>אֶתְכֶ֥ם</w>
        <w>ע֛וֹד</w>
        <w>חֶרְפָּ֖ה</w>
        <w>בַּגּוֹיִֽם׃</w>
      </v>
      <v n="20">
        <w>וְֽאֶת־</w>
        <w>הַצְּפוֹנִ֞י</w>
        <w>אַרְחִ֣יק</w>
        <w>מֵעֲלֵיכֶ֗ם</w>
        <w>וְהִדַּחְתִּיו֮</w>
        <w>אֶל־</w>
        <w>אֶ֣רֶץ</w>
        <w>צִיָּ֣ה</w>
        <w>וּשְׁמָמָה֒</w>
        <w>אֶת־</w>
        <w>פָּנָ֗יו</w>
        <w>אֶל־</w>
        <w>הַיָּם֙</w>
        <w>הַקַּדְמֹנִ֔י</w>
        <w>וְסֹפ֖וֹ</w>
        <w>אֶל־</w>
        <w>הַיָּ֣ם</w>
        <w>הָאַֽחֲר֑וֹן</w>
        <w>וְעָלָ֣ה</w>
        <w>בָאְשׁ֗וֹ</w>
        <w>וְתַ֙עַל֙</w>
        <w>צַחֲנָת֔וֹ</w>
        <w>כִּ֥י</w>
        <w>הִגְדִּ֖יל</w>
        <w>לַעֲשֽׂוֹת׃</w>
      </v>
      <v n="21">
        <w>אַל־</w>
        <w>תִּֽירְאִ֖י</w>
        <w>אֲדָמָ֑ה</w>
        <w>גִּ֣ילִי</w>
        <w>וּשְׂמָ֔חִי</w>
        <w>כִּֽי־</w>
        <w>הִגְדִּ֥יל</w>
        <w>יְהוָ֖ה</w>
        <w>לַעֲשֽׂוֹת׃</w>
      </v>
      <v n="22">
        <w>אַל־</w>
        <w>תִּֽירְאוּ֙</w>
        <w>בַּהֲמ֣וֹת</w>
        <w>שָׂדַ֔י</w>
        <w>כִּ֥י</w>
        <w>דָשְׁא֖וּ</w>
        <w>נְא֣וֹת</w>
        <w>מִדְבָּ֑ר</w>
        <w>כִּֽי־</w>
        <w>עֵץ֙</w>
        <w>נָשָׂ֣א</w>
        <w>פִרְי֔וֹ</w>
        <w>תְּאֵנָ֥ה</w>
        <w>וָגֶ֖פֶן</w>
        <w>נָתְנ֥וּ</w>
        <w>חֵילָֽם׃</w>
      </v>
      <v n="23">
        <w>וּבְנֵ֣י</w>
        <w>צִיּ֗וֹן</w>
        <w>גִּ֤ילוּ</w>
        <w>וְשִׂמְחוּ֙</w>
        <w>בַּיהוָ֣ה</w>
        <w>אֱלֹֽהֵיכֶ֔ם</w>
        <w>כִּֽי־</w>
        <w>נָתַ֥ן</w>
        <w>לָכֶ֛ם</w>
        <w>אֶת־</w>
        <w>הַמּוֹרֶ֖ה</w>
        <w>לִצְדָקָ֑ה</w>
        <w>וַיּ֣וֹרֶד</w>
        <w>לָכֶ֗ם</w>
        <w>גֶּ֛שֶׁם</w>
        <w>מוֹרֶ֥ה</w>
        <w>וּמַלְק֖וֹשׁ</w>
        <w>בָּרִאשֽׁוֹן׃</w>
      </v>
      <v n="24">
        <w>וּמָלְא֥וּ</w>
        <w>הַגֳּרָנ֖וֹת</w>
        <w>בָּ֑ר</w>
        <w>וְהֵשִׁ֥יקוּ</w>
        <w>הַיְקָבִ֖ים</w>
        <w>תִּיר֥וֹשׁ</w>
        <w>וְיִצְהָֽר׃</w>
      </v>
      <v n="25">
        <w>וְשִׁלַּמְתִּ֤י</w>
        <w>לָכֶם֙</w>
        <w>אֶת־</w>
        <w>הַשָּׁנִ֔ים</w>
        <w>אֲשֶׁר֙</w>
        <w>אָכַ֣ל</w>
        <w>הָֽאַרְבֶּ֔ה</w>
        <w>הַיֶּ֖לֶק</w>
        <w>וְהֶחָסִ֣יל</w>
        <w>וְהַגָּזָ֑ם</w>
        <w>חֵילִי֙</w>
        <w>הַגָּד֔וֹל</w>
        <w>אֲשֶׁ֥ר</w>
        <w>שִׁלַּ֖חְתִּי</w>
        <w>בָּכֶֽם׃</w>
      </v>
      <v n="26">
        <w>וַאֲכַלְתֶּ֤ם</w>
        <w>אָכוֹל֙</w>
        <w>וְשָׂב֔וֹעַ</w>
        <w>וְהִלַּלְתֶּ֗ם</w>
        <w>אֶת־</w>
        <w>שֵׁ֤ם</w>
        <w>יְהוָה֙</w>
        <w>אֱלֹ֣הֵיכֶ֔ם</w>
        <w>אֲשֶׁר־</w>
        <w>עָשָׂ֥ה</w>
        <w>עִמָּכֶ֖ם</w>
        <w>לְהַפְלִ֑יא</w>
        <w>וְלֹא־</w>
        <w>יֵבֹ֥שׁוּ</w>
        <w>עַמִּ֖י</w>
        <w>לְעוֹלָֽם׃</w>
      </v>
      <v n="27">
        <w>וִידַעְתֶּ֗ם</w>
        <w>כִּ֣י</w>
        <w>בְקֶ֤רֶב</w>
        <w>יִשְׂרָאֵל֙</w>
        <w>אָ֔נִי</w>
        <w>וַאֲנִ֛י</w>
        <w>יְהוָ֥ה</w>
        <w>אֱלֹהֵיכֶ֖ם</w>
        <w>וְאֵ֣ין</w>
        <w>ע֑וֹד</w>
        <w>וְלֹא־</w>
        <w>יֵבֹ֥שׁוּ</w>
        <w>עַמִּ֖י</w>
        <w>לְעוֹלָֽם׃</w>
        <samekh/>
      </v>
      <vs>27</vs>
    </c>
    <c n="3">
      <v n="1">
        <w>וְהָיָ֣ה</w>
        <w>אַֽחֲרֵי־</w>
        <w>כֵ֗ן</w>
        <w>אֶשְׁפּ֤וֹךְ</w>
        <w>אֶת־</w>
        <w>רוּחִי֙</w>
        <w>עַל־</w>
        <w>כָּל־</w>
        <w>בָּשָׂ֔ר</w>
        <w>וְנִבְּא֖וּ</w>
        <w>בְּנֵיכֶ֣ם</w>
        <w>וּבְנֽוֹתֵיכֶ֑ם</w>
        <w>זִקְנֵיכֶם֙</w>
        <w>חֲלֹמ֣וֹת</w>
        <w>יַחֲלֹמ֔וּן</w>
        <w>בַּח֣וּרֵיכֶ֔ם</w>
        <w>חֶזְיֹנ֖וֹת</w>
        <w>יִרְאֽוּ׃</w>
      </v>
      <v n="2">
        <w>וְגַ֥ם</w>
        <w>עַל־</w>
        <w>הָֽעֲבָדִ֖ים</w>
        <w>וְעַל־</w>
        <w>הַשְּׁפָח֑וֹת</w>
        <w>בַּיָּמִ֣ים</w>
        <w>הָהֵ֔מָּה</w>
        <w>אֶשְׁפּ֖וֹךְ</w>
        <w>אֶת־</w>
        <w>רוּחִֽי׃</w>
      </v>
      <v n="3">
        <w>וְנָֽתַתִּי֙</w>
        <w>מֽוֹפְתִ֔ים</w>
        <w>בַּשָּׁמַ֖יִם</w>
        <w>וּבָאָ֑רֶץ</w>
        <w>דָּ֣ם</w>
        <w>וָאֵ֔שׁ</w>
        <w>וְתִֽימֲר֖וֹת</w>
        <w>עָשָֽׁן׃</w>
      </v>
      <v n="4">
        <w>הַשֶּׁ֙מֶשׁ֙</w>
        <w>יֵהָפֵ֣ךְ</w>
        <w>לְחֹ֔שֶׁךְ</w>
        <w>וְהַיָּרֵ֖חַ</w>
        <w>לְדָ֑ם</w>
        <w>לִפְנֵ֗י</w>
        <w>בּ֚וֹא</w>
        <w>י֣וֹם</w>
        <w>יְהוָ֔ה</w>
        <w>הַגָּד֖וֹל</w>
        <w>וְהַנּוֹרָֽא׃</w>
      </v>
      <v n="5">
        <w>וְהָיָ֗ה</w>
        <w>כֹּ֧ל</w>
        <w>אֲשֶׁר־</w>
        <w>יִקְרָ֛א</w>
        <w>בְּשֵׁ֥ם</w>
        <w>יְהוָ֖ה</w>
        <w>יִמָּלֵ֑ט</w>
        <w>כִּ֠י</w>
        <w>בְּהַר־</w>
        <w>צִיּ֨וֹן</w>
        <w>וּבִירוּשָׁלִַ֜ם</w>
        <w>תִּֽהְיֶ֣ה</w>
        <w>פְלֵיטָ֗ה</w>
        <w>כַּֽאֲשֶׁר֙</w>
        <w>אָמַ֣ר</w>
        <w>יְהוָ֔ה</w>
        <w>וּבַ֨שְּׂרִידִ֔ים</w>
        <w>אֲשֶׁ֥ר</w>
        <w>יְהוָ֖ה</w>
        <w>קֹרֵֽא׃</w>
      </v>
      <vs>5</vs>
    </c>
    <c n="4">
      <v n="1">
        <w>כִּ֗י</w>
        <w>הִנֵּ֛ה</w>
        <w>בַּיָּמִ֥ים</w>
        <w>הָהֵ֖מָּה</w>
        <w>וּבָעֵ֣ת</w>
        <w>הַהִ֑יא</w>
        <w>אֲשֶׁ֥ר</w>
        <k>אשוב</k>
        <q>אָשִׁ֛יב</q>
        <w>אֶת־</w>
        <w>שְׁב֥וּת</w>
        <w>יְהוּדָ֖ה</w>
        <w>וִירוּשָׁלָֽ͏ִם׃</w>
      </v>
      <v n="2">
        <w>וְקִבַּצְתִּי֙</w>
        <w>אֶת־</w>
        <w>כָּל־</w>
        <w>הַגּוֹיִ֔ם</w>
        <w>וְה֣וֹרַדְתִּ֔ים</w>
        <w>אֶל־</w>
        <w>עֵ֖מֶק</w>
        <w>יְהֽוֹשָׁפָ֑ט</w>
        <w>וְנִשְׁפַּטְתִּ֨י</w>
        <w>עִמָּ֜ם</w>
        <w>שָׁ֗ם</w>
        <w>עַל־</w>
        <w>עַמִּ֨י</w>
        <w>וְנַחֲלָתִ֤י</w>
        <w>יִשְׂרָאֵל֙</w>
        <w>אֲשֶׁ֣ר</w>
        <w>פִּזְּר֣וּ</w>
        <w>בַגּוֹיִ֔ם</w>
        <w>וְאֶת־</w>
        <w>אַרְצִ֖י</w>
        <w>חִלֵּֽקוּ׃</w>
      </v>
      <v n="3">
        <w>וְאֶל־</w>
        <w>עַמִּ֖י</w>
        <w>יַדּ֣וּ</w>
        <w>גוֹרָ֑ל</w>
        <w>וַיִּתְּנ֤וּ</w>
        <w>הַיֶּ֙לֶד֙</w>
        <w>בַּזּוֹנָ֔ה</w>
        <w>וְהַיַּלְדָּ֛ה</w>
        <w>מָכְר֥וּ</w>
        <w>בַיַּ֖יִן</w>
        <w>וַיִּשְׁתּֽוּ׃</w>
      </v>
      <v n="4">
        <w>וְ֠גַם</w>
        <w>מָה־</w>
        <w>אַתֶּ֥ם</w>
        <w>לִי֙</w>
        <w>צֹ֣ר</w>
        <w>וְצִיד֔וֹן</w>
        <w>וְכֹ֖ל</w>
        <w>גְּלִיל֣וֹת</w>
        <w>פְּלָ֑שֶׁת</w>
        <w>הַגְּמ֗וּל</w>
        <w>אַתֶּם֙</w>
        <w>מְשַׁלְּמִ֣ים</w>
        <w>עָלָ֔י</w>
        <w>וְאִם־</w>
        <w>גֹּמְלִ֤ים</w>
        <w>אַתֶּם֙</w>
        <w>עָלַ֔י</w>
        <w>קַ֣ל</w>
        <w>מְהֵרָ֔ה</w>
        <w>אָשִׁ֥יב</w>
        <w>גְּמֻלְכֶ֖ם</w>
        <w>בְּרֹאשְׁכֶֽם׃</w>
      </v>
      <v n="5">
        <w>אֲשֶׁר־</w>
        <w>כַּסְפִּ֥י</w>
        <w>וּזְהָבִ֖י</w>
        <w>לְקַחְתֶּ֑ם</w>
        <w>וּמַֽחֲמַדַּי֙</w>
        <w>הַטֹּבִ֔ים</w>
        <w>הֲבֵאתֶ֖ם</w>
        <w>לְהֵיכְלֵיכֶֽם׃</w>
      </v>
      <v n="6">
        <w>וּבְנֵ֤י</w>
        <w>יְהוּדָה֙</w>
        <w>וּבְנֵ֣י</w>
        <w>יְרוּשָׁלִַ֔ם</w>
        <w>מְכַרְתֶּ֖ם</w>
        <w>לִבְנֵ֣י</w>
        <w>הַיְּוָנִ֑ים</w>
        <w>לְמַ֥עַן</w>
        <w>הַרְחִיקָ֖ם</w>
        <w>מֵעַ֥ל</w>
        <w>גְּבוּלָֽם׃</w>
      </v>
      <v n="7">
        <w>הִנְנִ֣י</w>
        <w>מְעִירָ֔ם</w>
        <w>מִן־</w>
        <w>הַ֨מָּק֔וֹם</w>
        <w>אֲשֶׁר־</w>
        <w>מְכַרְתֶּ֥ם</w>
        <w>אֹתָ֖ם</w>
        <w>שָׁ֑מָּה</w>
        <w>וַהֲשִׁבֹתִ֥י</w>
        <w>גְמֻלְכֶ֖ם</w>
        <w>בְּרֹאשְׁכֶֽם׃</w>
      </v>
      <v n="8">
        <w>וּמָכַרְתִּ֞י</w>
        <w>אֶת־</w>
        <w>בְּנֵיכֶ֣ם</w>
        <w>וְאֶת־</w>
        <w>בְּנֽוֹתֵיכֶ֗ם</w>
        <w>בְּיַד֙</w>
        <w>בְּנֵ֣י</w>
        <w>יְהוּדָ֔ה</w>
        <w>וּמְכָר֥וּם</w>
        <w>לִשְׁבָאיִ֖ם</w>
        <w>אֶל־</w>
        <w>גּ֣וֹי</w>
        <w>רָח֑וֹק</w>
        <w>כִּ֥י</w>
        <w>יְהוָ֖ה</w>
        <w>דִּבֵּֽר׃</w>
        <samekh/>
      </v>
      <v n="9">
        <w>קִרְאוּ־</w>
        <w>זֹאת֙</w>
        <w>בַּגּוֹיִ֔ם</w>
        <w>קַדְּשׁ֖וּ</w>
        <w>מִלְחָמָ֑ה</w>
        <w>הָעִ֙ירוּ֙</w>
        <w>הַגִּבּוֹרִ֔ים</w>
        <w>יִגְּשׁ֣וּ</w>
        <w>יַֽעֲל֔וּ</w>
        <w>כֹּ֖ל</w>
        <w>אַנְשֵׁ֥י</w>
        <w>הַמִּלְחָמָֽה׃</w>
      </v>
      <v n="10">
        <w>כֹּ֤תּוּ</w>
        <w>אִתֵּיכֶם֙</w>
        <w>לַֽחֲרָב֔וֹת</w>
        <w>וּמַזְמְרֹֽתֵיכֶ֖ם</w>
        <w>לִרְמָחִ֑ים</w>
        <w>הַֽחַלָּ֔שׁ</w>
        <w>יֹאמַ֖ר</w>
        <w>גִּבּ֥וֹר</w>
        <w>אָֽנִי׃</w>
      </v>
      <v n="11">
        <w>ע֣וּשׁוּ</w>
        <w>וָבֹ֧אוּ</w>
        <w>כָֽל־</w>
        <w>הַגּוֹיִ֛ם</w>
        <w>מִסָּבִ֖יב</w>
        <w>וְנִקְבָּ֑צוּ</w>
        <w>שָׁ֕מָּה</w>
        <w>הַֽנְחַ֥ת</w>
        <w>יְהוָ֖ה</w>
        <w>גִּבּוֹרֶֽיךָ׃</w>
      </v>
      <v n="12">
        <w>יֵע֙וֹרוּ֙</w>
        <w>וְיַעֲל֣וּ</w>
        <w>הַגּוֹיִ֔ם</w>
        <w>אֶל־</w>
        <w>עֵ֖מֶק</w>
        <w>יְהֽוֹשָׁפָ֑ט</w>
        <w>כִּ֣י</w>
        <w>שָׁ֗ם</w>
        <w>אֵשֵׁ֛ב</w>
        <w>לִשְׁפֹּ֥ט</w>
        <w>אֶת־</w>
        <w>כָּל־</w>
        <w>הַגּוֹיִ֖ם</w>
        <w>מִסָּבִֽיב׃</w>
      </v>
      <v n="13">
        <w>שִׁלְח֣וּ</w>
        <w>מַגָּ֔ל</w>
        <w>כִּ֥י</w>
        <w>בָשַׁ֖ל</w>
        <w>קָצִ֑יר</w>
        <w>בֹּ֤אֽוּ</w>
        <w>רְדוּ֙</w>
        <w>כִּֽי־</w>
        <w>מָ֣לְאָה</w>
        <w>גַּ֔ת</w>
        <w>הֵשִׁ֙יקוּ֙</w>
        <w>הַיְקָבִ֔ים</w>
        <w>כִּ֥י</w>
        <w>רַבָּ֖ה</w>
        <w>רָעָתָֽם׃</w>
      </v>
      <v n="14">
        <w>הֲמוֹנִ֣ים</w>
        <w>הֲמוֹנִ֔ים</w>
        <w>בְּעֵ֖מֶק</w>
        <w>הֶֽחָר֑וּץ</w>
        <w>כִּ֤י</w>
        <w>קָרוֹב֙</w>
        <w>י֣וֹם</w>
        <w>יְהוָ֔ה</w>
        <w>בְּעֵ֖מֶק</w>
        <w>הֶחָרֽוּץ׃</w>
      </v>
      <v n="15">
        <w>שֶׁ֥מֶשׁ</w>
        <w>וְיָרֵ֖חַ</w>
        <w>קָדָ֑רוּ</w>
        <w>וְכוֹכָבִ֖ים</w>
        <w>אָסְפ֥וּ</w>
        <w>נָגְהָֽם׃</w>
      </v>
      <v n="16">
        <w>וַיהוָ֞ה</w>
        <w>מִצִּ<x>c</x>יּ֣וֹן</w>
        <w>יִשְׁאָ֗ג</w>
        <w>וּמִירוּשָׁלִַ֙ם֙</w>
        <w>יִתֵּ֣ן</w>
        <w>קוֹל֔וֹ</w>
        <w>וְרָעֲשׁ֖וּ</w>
        <w>שָׁמַ֣יִם</w>
        <w>וָאָ֑רֶץ</w>
        <w>וַֽיהוָה֙</w>
        <w>מַֽחֲסֶ֣ה</w>
        <w>לְעַמּ֔וֹ</w>
        <w>וּמָע֖וֹז</w>
        <w>לִבְנֵ֥י</w>
        <w>יִשְׂרָאֵֽל׃</w>
      </v>
      <v n="17">
        <w>וִֽידַעְתֶּ֗ם</w>
        <w>כִּ֣י</w>
        <w>אֲנִ֤י</w>
        <w>יְהוָה֙</w>
        <w>אֱלֹ֣הֵיכֶ֔ם</w>
        <w>שֹׁכֵ֖ן</w>
        <w>בְּצִיּ֣וֹן</w>
        <w>הַר־</w>
        <w>קָדְשִׁ֑י</w>
        <w>וְהָיְתָ֤ה</w>
        <w>יְרוּשָׁלִַ֙ם֙</w>
        <w>קֹ֔דֶשׁ</w>
        <w>וְזָרִ֥ים</w>
        <w>לֹא־</w>
        <w>יַֽעַבְרוּ־</w>
        <w>בָ֖הּ</w>
        <w>עֽוֹד׃</w>
        <samekh/>
      </v>
      <v n="18">
        <w>וְהָיָה֩</w>
        <w>בַיּ֨וֹם</w>
        <w>הַה֜וּא</w>
        <w>יִטְּפ֧וּ</w>
        <w>הֶהָרִ֣ים</w>
        <w>עָסִ֗יס</w>
        <w>וְהַגְּבָעוֹת֙</w>
        <w>תֵּלַ֣כְנָה</w>
        <w>חָלָ֔ב</w>
        <w>וְכָל־</w>
        <w>אֲפִיקֵ֥י</w>
        <w>יְהוּדָ֖ה</w>
        <w>יֵ֣לְכוּ</w>
        <w>מָ֑יִם</w>
        <w>וּמַעְיָ֗ן</w>
        <w>מִבֵּ֤ית</w>
        <w>יְהוָה֙</w>
        <w>יֵצֵ֔א</w>
        <w>וְהִשְׁקָ֖ה</w>
        <w>אֶת־</w>
        <w>נַ֥חַל</w>
        <w>הַשִּׁטִּֽים׃</w>
      </v>
      <v n="19">
        <w>מִצְרַ֙יִם֙</w>
        <w>לִשְׁמָמָ֣ה</w>
        <w>תִֽהְיֶ֔ה</w>
        <w>וֶאֱד֕וֹם</w>
        <w>לְמִדְבַּ֥ר</w>
        <w>שְׁמָמָ֖ה</w>
        <w>תִּֽהְיֶ֑ה</w>
        <w>מֵֽחֲמַס֙</w>
        <w>בְּנֵ֣י</w>
        <w>יְהוּדָ֔ה</w>
        <w>אֲשֶׁר־</w>
        <w>שָׁפְכ֥וּ</w>
        <w>דָם־</w>
        <w>נָקִ֖יא</w>
        <w>בְּאַרְצָֽם׃</w>
      </v>
      <v n="20">
        <w>וִיהוּדָ֖ה</w>
        <w>לְעוֹלָ֣ם</w>
        <w>תֵּשֵׁ֑ב</w>
        <w>וִירוּשָׁלַ֖͏ִם</w>
        <w>לְד֥וֹר</w>
        <w>וָדֽוֹר׃</w>
      </v>
      <v n="21">
        <w>וְנִקֵּ֖יתִי</w>
        <w>דָּמָ֣ם</w>
        <w>לֹֽא־</w>
        <w>נִקֵּ֑יתִי</w>
        <w>וַֽיהוָ֖ה</w>
        <w>שֹׁכֵ֥ן</w>
        <w>בְּצִיּֽוֹן׃</w>
      </v>
      <vs>21</vs>
    </c>
    <vs>73</vs>
    <cs>4</cs>
  </book>
</tanach>
<notes>
  <note>
    <code>4</code>
    <gccode>4</gccode>
    <note>Puncta extraordinaria -- an x05c4 is used to mark such marks in the text when they are above the line and an x05c5 when they are below the line. </note>
  </note>
  <note>
    <code>5</code>
    <gccode>5</gccode>
    <note>Large letter(s). Shown as large letters.</note>
  </note>
  <note>
    <code>6</code>
    <gccode>6</gccode>
    <note>Small letter(s). Shown as small letters.</note>
  </note>
  <note>
    <code>7</code>
    <gccode>7</gccode>
    <note>Suspended letter(s). Shown as suspended letters.</note>
  </note>
  <note>
    <code>8</code>
    <gccode>8</gccode>
    <note>Inverted nun in the text.</note>
  </note>
  <note>
    <code>c</code>
    <gccode>c</gccode>
    <note>Text is correct relative to LC. Usually this marks a peculiarity of the LC relative to the other Masoretic texts.</note>
  </note>
  <note>
    <code>d</code>
    <gccode>d</gccode>
    <note>This tipeha is a dehi in other texts.</note>
  </note>
  <note>
    <code>m</code>
    <gccode>m</gccode>
    <note>This meteg is a merkha in other texts.</note>
  </note>
  <note>
    <code>t</code>
    <gccode>t</gccode>
    <note>Transcription uncertain. Examine the LC image for other possible readings.</note>
  </note>
  <note>
    <code>X</code>
    <gccode>X</gccode>
    <note>This verse does NOT occur in the Leningrad Codex. Included for continuity of verse numbering.</note>
  </note>
</notes>
</Tanach>
