<?xml version="1.0" encoding="UTF-8"?>
<!-- Copyright C.V.Kimball 2013 -->
<Tanach xmlns:xsi="http://www.w3.org/2001/XMLSchema-instance" xsi:noNamespaceSchemaLocation="../XSL/Tanach.xsd">
<teiHeader>
  <fileDesc>
    <titleStmt>
      <title level="s" type="uniform">Tanach</title>
      <title level="s" type="uniformhebrew">תנ״ך</title>
      <title level="s" type="main">Unicode/XML Leningrad Codex</title>
      <title level="a" type="main">Song of Songs</title>
      <title level="a" type="mainhebrew">שיר השירים</title>
      <title level="a" type="filename">Song_of_Songs</title>
      <editor>Shemu'el ben Ya'akov</editor>
      <editor>Aharon ben-Mosheh ben-Asher</editor>
      <respStmt>
        <resp>Publisher:</resp>
        <name>Christopher V. Kimball</name>
        <name type="email">mail@cvkimball.com</name>
      </respStmt>
    </titleStmt>
    <editionStmt>
      <edition>Unicode/XML Leningrad Codex (UXLC)
        <version>UXLC 2.1</version>
        <date>1 Apr 2024</date>
        <build>27.2</build>
        <buildDateTime>31 Mar 2024  06:58</buildDateTime>
      </edition>
<respStmt>
<resp>WLC2XML[21 Apr 2023] - Transcription from Michigan-Claremont encoding to Unicode with XML markings. See details in notes.</resp>
<resp>ScanReplace/EditWLC[30 Dec 2020] - Edits/removes transcription notes; removes MDs.</resp>
<resp>ScanReplace/InsertCGJs[29 Dec 2020] - Places CGJ in Jerusalem VUV words and leading metegs.</resp>
<resp>Updater[15 Sep 2023] - Changes.xml file dated 2020.02.19 . </resp>
<resp>Updater[15 Sep 2023] - Changes.xml file dated 2020.10.19 . </resp>
<resp>Updater[15 Sep 2023] - Changes.xml file dated 2021.04.01 . </resp>
<resp>Updater[15 Sep 2023] - Changes.xml file dated 2021.10.19 . </resp>
<resp>Updater[15 Sep 2023] - Changes.xml file dated 2022.04.01 . </resp>
<resp>Updater[15 Sep 2023] - Changes.xml file dated 2022.07.04 . </resp>
<resp>Updater[15 Sep 2023] - Changes.xml file dated 2022.10.19 . </resp>
<resp>Updater[15 Sep 2023] - Changes.xml file dated 2022.12.07 . </resp>
<resp>Updater[15 Sep 2023] - Changes.xml file dated 2023.04.01 . </resp>
<resp>Updater[15 Sep 2023] - Changes.xml file dated 2023.07.04 . </resp>
<resp>Updater[15 Sep 2023] - Changes.xml file dated 2023.10.19 . </resp>
<resp>Updater[15 Sep 2023] - Changes.xml file dated 2024.04.01 . </resp>
</respStmt>
    </editionStmt>
    <extent>54512</extent>
    <publicationStmt>
      <distributor>Via web site:
        <name>Christopher V. Kimball</name>
        <name type="url">https://tanach.us/Tanach.xml</name>
        <name type="email">mail@cvkimball.com</name>
      </distributor>
      <availability status="free">Freely available</availability>
    </publicationStmt>
    <notesStmt>
      <note>The original text file wlc420_ps.txt was provided by the Groves Center. 
The file has the MD5 hash: d31a 6a6e 9afa bf82 272c 2efb 0522 a12e 
and was dated 25 Jan 2016. Six transcription notes (5,7,F) have been moved to the noted character (Lev 11:42.4, Judg 18:30.11, Isa 9.6.1, Ps 80:14.3, Job 38:13.5, Job 38:15.2) to produce the file wlc420_ps_td.txt for conversion to Unicode and XML by the program WLC2XML. The only other changes to the Groves Center text are: The book names in English and Hebrew of the Jewish Publication Society Tanach and book abbreviations from the New Revised Standard Version have been added. MC code 32 added as atnah hafukh by Steve Salisbury, 30 Sep 2021. The atnah hafukh codepoint, x05a2, has been added to the character table; it does not appear in WLC 4.20. </note>
    <correction>
<citation>2:14.7</citation>
<description>Remove dagesh from tav.</description>
<author>Daniel Holman</author>
<filedate>2023.10.19</filedate>
<date>2023.09.11</date>
<n>1</n>
</correction>
<correction>
<citation>4:16.7</citation>
<description>Remove dagesh from zayin.</description>
<author>Daniel Holman</author>
<filedate>2023.10.19</filedate>
<date>2023.09.11</date>
<n>2</n>
</correction>
<correction>
<citation>5:16.4</citation>
<description>Remove dagesh from het, add note 't'.</description>
<author>Ben Denckla</author>
<filedate>2021.10.19</filedate>
<date>2021.05.26</date>
<n>1</n>
</correction>
<correction>
<citation>6:8.3</citation>
<description>Consider dagesh in mem. Add note 'c'.</description>
<author>Daniel Holman</author>
<filedate>2023.10.19</filedate>
<date>2023.09.11</date>
<n>3</n>
</correction>
<correction>
<citation>7:13.4</citation>
<description>Word lacks accent, add note 'c'; MAM ends the word with a Maqaf (  ס־  ).</description>
<author>Ben Denckla</author>
<filedate>2021.10.19</filedate>
<date>2021.08.07</date>
<n>18</n>
</correction>
<correction>
<citation>8:12.1</citation>
<description>Change qamats to patah, change note 'n' to 't'.</description>
<author>Alexander Adler</author>
<filedate>2021.04.01</filedate>
<date>2020.10.27</date>
<n>1</n>
</correction>
</notesStmt>
    <sourceDesc>
      <biblItem>
        <title>Hebrew Bible</title>
        <title>Leningrad Codex</title>
        <editor>Shemu'el ben Ya'akov</editor>
        <editor>Aharon ben-Mosheh ben-Asher</editor>
        <edition>Original document</edition>
        <imprint>
          <publisher>Russian National Library (Saltykov-Shchedrin)</publisher>
          <pubPlace>St. Petersburg (Leningrad)</pubPlace>
          <date>1008</date>
        </imprint>
        <idno type="Accession">Firkovich B 19 A</idno>
      </biblItem>
      <biblItem>
        <title>The Leningrad Codex - A Facsimile Edition</title>
        <editor>Freedman, David Noel</editor>
        <editor>Beck, Astrid B.</editor>
        <edition>First</edition>
        <imprint>
          <publisher>Wm. B. Eerdmans Publishing Co.</publisher>
          <pubPlace>Grand Rapids, MI</pubPlace>
          <date>1998</date>
        </imprint>
        <idno type="IBSN">0-8028-3786-7</idno>
      </biblItem>
      <biblItem>
        <title>The Westminster Leningrad Codex</title>
        <editor>Salisbury, Stephen K.</editor>
        <edition>WLC 4.20</edition>
        <imprint>
          <publisher>The J. Alan Groves Center for Advanced Biblical Research ("Groves Center").</publisher>
          <pubPlace>2960 Church Rd.</pubPlace>
          <pubPlace>Glenside, PA 19038</pubPlace>
          <date>25 January 2016</date>
        </imprint>
        <idno type="Unknown"/>
      </biblItem>
    </sourceDesc>
  </fileDesc>
  <encodingDesc>
  </encodingDesc>
  <profileDesc>
    <creation>From WLC 4.20 provided by the Groves Center.</creation>
    <date>25 Jan 2016</date>
    <langUsage>
      <language ident="HE">Hebrew</language>
    </langUsage>
  </profileDesc>
</teiHeader>
<tanach>
  <book>
    <names>
      <name>Song of Songs</name>
      <abbrev>Song</abbrev>
      <number>30</number>
      <filename>Song_of_Songs</filename>
      <hebrewname>שיר השירים</hebrewname>
    </names>
    <c n="1">
      <v n="1">
        <w>שִׁ֥יר</w>
        <w>הַשִּׁירִ֖ים</w>
        <w>אֲשֶׁ֥ר</w>
        <w>לִשְׁלֹמֹֽה׃</w>
      </v>
      <v n="2">
        <w>יִשָּׁקֵ֙נִי֙</w>
        <w>מִנְּשִׁיק֣וֹת</w>
        <w>פִּ֔יהוּ</w>
        <w>כִּֽי־</w>
        <w>טוֹבִ֥ים</w>
        <w>דֹּדֶ֖יךָ</w>
        <w>מִיָּֽיִן׃</w>
      </v>
      <v n="3">
        <w>לְרֵ֙יחַ֙</w>
        <w>שְׁמָנֶ֣יךָ</w>
        <w>טוֹבִ֔ים</w>
        <w>שֶׁ֖מֶן</w>
        <w>תּוּרַ֣ק</w>
        <w>שְׁמֶ֑ךָ</w>
        <w>עַל־</w>
        <w>כֵּ֖ן</w>
        <w>עֲלָמ֥וֹת</w>
        <w>אֲהֵבֽוּךָ׃</w>
      </v>
      <v n="4">
        <w>מָשְׁכֵ֖נִי</w>
        <w>אַחֲרֶ֣יךָ</w>
        <w>נָּר֑וּצָה</w>
        <w>הֱבִיאַ֨נִי</w>
        <w>הַמֶּ֜לֶךְ</w>
        <w>חֲדָרָ֗יו</w>
        <w>נָגִ֤ילָה</w>
        <w>וְנִשְׂמְחָה֙</w>
        <w>בָּ֔ךְ</w>
        <w>נַזְכִּ֤ירָה</w>
        <w>דֹדֶ֙יךָ֙</w>
        <w>מִיַּ֔יִן</w>
        <w>מֵישָׁרִ֖ים</w>
        <w>אֲהֵבֽוּךָ׃</w>
        <samekh/>
      </v>
      <v n="5">
        <w>שְׁחוֹרָ֤ה</w>
        <w>אֲנִי֙</w>
        <w>וְֽנָאוָ֔ה</w>
        <w>בְּנ֖וֹת</w>
        <w>יְרוּשָׁלָ֑͏ִם</w>
        <w>כְּאָהֳלֵ֣י</w>
        <w>קֵדָ֔ר</w>
        <w>כִּירִיע֖וֹת</w>
        <w>שְׁלֹמֹֽה׃</w>
      </v>
      <v n="6">
        <w>אַל־</w>
        <w>תִּרְא֙וּנִי֙</w>
        <w>שֶׁאֲנִ֣י</w>
        <w>שְׁחַרְחֹ֔רֶת</w>
        <w>שֶׁשֱּׁזָפַ֖תְנִי</w>
        <w>הַשָּׁ֑מֶשׁ</w>
        <w>בְּנֵ֧י</w>
        <w>אִמִּ֣י</w>
        <w>נִֽחֲרוּ־</w>
        <w>בִ֗י</w>
        <w>שָׂמֻ֙נִי֙</w>
        <w>נֹטֵרָ֣ה</w>
        <w>אֶת־</w>
        <w>הַכְּרָמִ֔ים</w>
        <w>כַּרְמִ֥י</w>
        <w>שֶׁלִּ֖י</w>
        <w>לֹ֥א</w>
        <w>נָטָֽרְתִּי׃</w>
      </v>
      <v n="7">
        <w>הַגִּ֣ידָה</w>
        <w>לִּ֗י</w>
        <w>שֶׁ֤אָהֲבָה֙</w>
        <w>נַפְשִׁ֔י</w>
        <w>אֵיכָ֣ה</w>
        <w>תִרְעֶ֔ה</w>
        <w>אֵיכָ֖ה</w>
        <w>תַּרְבִּ֣יץ</w>
        <w>בַּֽצָּהֳרָ֑יִם</w>
        <w>שַׁלָּמָ֤ה</w>
        <w>אֶֽהְיֶה֙</w>
        <w>כְּעֹ֣טְיָ֔ה</w>
        <w>עַ֖ל</w>
        <w>עֶדְרֵ֥י</w>
        <w>חֲבֵרֶֽיךָ׃</w>
      </v>
      <v n="8">
        <w>אִם־</w>
        <w>לֹ֤א</w>
        <w>תֵדְעִי֙</w>
        <w>לָ֔ךְ</w>
        <w>הַיָּפָ֖ה</w>
        <w>בַּנָּשִׁ֑ים</w>
        <w>צְֽאִי־</w>
        <w>לָ֞ךְ</w>
        <w>בְּעִקְבֵ֣י</w>
        <w>הַצֹּ֗אן</w>
        <w>וּרְעִי֙</w>
        <w>אֶת־</w>
        <w>גְּדִיֹּתַ֔יִךְ</w>
        <w>עַ֖ל</w>
        <w>מִשְׁכְּנ֥וֹת</w>
        <w>הָרֹעִֽים׃</w>
        <samekh/>
      </v>
      <v n="9">
        <w>לְסֻסָתִי֙</w>
        <w>בְּרִכְבֵ֣י</w>
        <w>פַרְעֹ֔ה</w>
        <w>דִּמִּיתִ֖יךְ</w>
        <w>רַעְיָתִֽי׃</w>
      </v>
      <v n="10">
        <w>נָאו֤וּ</w>
        <w>לְחָיַ֙יִךְ֙</w>
        <w>בַּתֹּרִ֔ים</w>
        <w>צַוָּארֵ֖ךְ</w>
        <w>בַּחֲרוּזִֽים׃</w>
      </v>
      <v n="11">
        <w>תּוֹרֵ֤י</w>
        <w>זָהָב֙</w>
        <w>נַעֲשֶׂה־</w>
        <w>לָּ֔ךְ</w>
        <w>עִ֖ם</w>
        <w>נְקֻדּ֥וֹת</w>
        <w>הַכָּֽסֶף׃</w>
      </v>
      <v n="12">
        <w>עַד־</w>
        <w>שֶׁ֤הַמֶּ֙לֶךְ֙</w>
        <w>בִּמְסִבּ֔וֹ</w>
        <w>נִרְדִּ֖י</w>
        <w>נָתַ֥ן</w>
        <w>רֵיחֽוֹ׃</w>
      </v>
      <v n="13">
        <w>צְר֨וֹר</w>
        <w>הַמֹּ֤ר ׀</w>
        <w>דּוֹדִי֙</w>
        <w>לִ֔י</w>
        <w>בֵּ֥ין</w>
        <w>שָׁדַ֖י</w>
        <w>יָלִֽין׃</w>
      </v>
      <v n="14">
        <w>אֶשְׁכֹּ֨ל</w>
        <w>הַכֹּ֤פֶר ׀</w>
        <w>דּוֹדִי֙</w>
        <w>לִ֔י</w>
        <w>בְּכַרְמֵ֖י</w>
        <w>עֵ֥ין</w>
        <w>גֶּֽדִי׃</w>
        <samekh/>
      </v>
      <v n="15">
        <w>הִנָּ֤ךְ</w>
        <w>יָפָה֙</w>
        <w>רַעְיָתִ֔י</w>
        <w>הִנָּ֥ךְ</w>
        <w>יָפָ֖ה</w>
        <w>עֵינַ֥יִךְ</w>
        <w>יוֹנִֽים׃</w>
      </v>
      <v n="16">
        <w>הִנְּךָ֨</w>
        <w>יָפֶ֤ה</w>
        <w>דוֹדִי֙</w>
        <w>אַ֣ף</w>
        <w>נָעִ֔ים</w>
        <w>אַף־</w>
        <w>עַרְשֵׂ֖נוּ</w>
        <w>רַעֲנָנָֽה׃</w>
      </v>
      <v n="17">
        <w>קֹר֤וֹת</w>
        <w>בָּתֵּ֙ינוּ֙</w>
        <w>אֲרָזִ֔ים</w>
        <k>רחיטנו</k>
        <q>רַהִיטֵ֖נוּ</q>
        <w>בְּרוֹתִֽים׃</w>
      </v>
      <vs>17</vs>
    </c>
    <c n="2">
      <v n="1">
        <w>אֲנִי֙</w>
        <w>חֲבַצֶּ֣לֶת</w>
        <w>הַשָּׁר֔וֹן</w>
        <w>שֽׁוֹשַׁנַּ֖ת</w>
        <w>הָעֲמָקִֽים׃</w>
      </v>
      <v n="2">
        <w>כְּשֽׁוֹשַׁנָּה֙</w>
        <w>בֵּ֣ין</w>
        <w>הַחוֹחִ֔ים</w>
        <w>כֵּ֥ן</w>
        <w>רַעְיָתִ֖י</w>
        <w>בֵּ֥ין</w>
        <w>הַבָּנֽוֹת׃</w>
      </v>
      <v n="3">
        <w>כְּתַפּ֙וּחַ֙</w>
        <w>בַּעֲצֵ֣י</w>
        <w>הַיַּ֔עַר</w>
        <w>כֵּ֥ן</w>
        <w>דּוֹדִ֖י</w>
        <w>בֵּ֣ין</w>
        <w>הַבָּנִ֑ים</w>
        <w>בְּצִלּוֹ֙</w>
        <w>חִמַּ֣דְתִּי</w>
        <w>וְיָשַׁ֔בְתִּי</w>
        <w>וּפִרְי֖וֹ</w>
        <w>מָת֥וֹק</w>
        <w>לְחִכִּֽי׃</w>
      </v>
      <v n="4">
        <w>הֱבִיאַ֙נִי֙</w>
        <w>אֶל־</w>
        <w>בֵּ֣ית</w>
        <w>הַיָּ֔יִן</w>
        <w>וְדִגְל֥וֹ</w>
        <w>עָלַ֖י</w>
        <w>אַהֲבָֽה׃</w>
      </v>
      <v n="5">
        <w>סַמְּכ֙וּנִי֙</w>
        <w>בָּֽאֲשִׁישׁ֔וֹת</w>
        <w>רַפְּד֖וּנִי</w>
        <w>בַּתַּפּוּחִ֑ים</w>
        <w>כִּי־</w>
        <w>חוֹלַ֥ת</w>
        <w>אַהֲבָ֖ה</w>
        <w>אָֽנִי׃</w>
      </v>
      <v n="6">
        <w>שְׂמֹאלוֹ֙</w>
        <w>תַּ֣חַת</w>
        <w>לְרֹאשִׁ֔י</w>
        <w>וִימִינ֖וֹ</w>
        <w>תְּחַבְּקֵֽנִי׃</w>
      </v>
      <v n="7">
        <w>הִשְׁבַּ֨עְתִּי</w>
        <w>אֶתְכֶ֜ם</w>
        <w>בְּנ֤וֹת</w>
        <w>יְרוּשָׁלִַ֙ם֙</w>
        <w>בִּצְבָא֔וֹת</w>
        <w>א֖וֹ</w>
        <w>בְּאַיְל֣וֹת</w>
        <w>הַשָּׂדֶ֑ה</w>
        <w>אִם־</w>
        <w>תָּעִ֧ירוּ ׀</w>
        <w>וְֽאִם־</w>
        <w>תְּעֽוֹרְר֛וּ</w>
        <w>אֶת־</w>
        <w>הָאַהֲבָ֖ה</w>
        <w>עַ֥ד</w>
        <w>שֶׁתֶּחְפָּֽץ׃</w>
        <samekh/>
      </v>
      <v n="8">
        <w>ק֣וֹל</w>
        <w>דּוֹדִ֔י</w>
        <w>הִנֵּה־</w>
        <w>זֶ֖ה</w>
        <w>בָּ֑א</w>
        <w>מְדַלֵּג֙</w>
        <w>עַל־</w>
        <w>הֶ֣הָרִ֔ים</w>
        <w>מְקַפֵּ֖ץ</w>
        <w>עַל־</w>
        <w>הַגְּבָעֽוֹת׃</w>
      </v>
      <v n="9">
        <w>דּוֹמֶ֤ה</w>
        <w>דוֹדִי֙</w>
        <w>לִצְבִ֔י</w>
        <w>א֖וֹ</w>
        <w>לְעֹ֣פֶר</w>
        <w>הָֽאַיָּלִ֑ים</w>
        <w>הִנֵּה־</w>
        <w>זֶ֤ה</w>
        <w>עוֹמֵד֙</w>
        <w>אַחַ֣ר</w>
        <w>כָּתְלֵ֔נוּ</w>
        <w>מַשְׁגִּ֙יחַ֙</w>
        <w>מִן־</w>
        <w>הַֽחֲלֹּנ֔וֹת</w>
        <w>מֵצִ֖יץ</w>
        <w>מִן־</w>
        <w>הֽ͏ַחֲרַכִּֽים׃</w>
      </v>
      <v n="10">
        <w>עָנָ֥ה</w>
        <w>דוֹדִ֖י</w>
        <w>וְאָ֣מַר</w>
        <w>לִ֑י</w>
        <w>ק֥וּמִי</w>
        <w>לָ֛ךְ</w>
        <w>רַעְיָתִ֥י</w>
        <w>יָפָתִ֖י</w>
        <w>וּלְכִי־</w>
        <w>לָֽךְ׃</w>
      </v>
      <v n="11">
        <w>כִּֽי־</w>
        <w>הִנֵּ֥ה</w>
        <k>הסתו</k>
        <q>הַסְּתָ֖יו</q>
        <w>עָבָ֑ר</w>
        <w>הַגֶּ֕שֶׁם</w>
        <w>חָלַ֖ף</w>
        <w>הָלַ֥ךְ</w>
        <w>לֽוֹ׃</w>
      </v>
      <v n="12">
        <w>הַנִּצָּנִים֙</w>
        <w>נִרְא֣וּ</w>
        <w>בָאָ֔רֶץ</w>
        <w>עֵ֥ת</w>
        <w>הַזָּמִ֖יר</w>
        <w>הִגִּ֑יעַ</w>
        <w>וְק֥וֹל</w>
        <w>הַתּ֖וֹר</w>
        <w>נִשְׁמַ֥ע</w>
        <w>בְּאַרְצֵֽנוּ׃</w>
      </v>
      <v n="13">
        <w>הַתְּאֵנָה֙</w>
        <w>חָֽנְטָ֣ה</w>
        <w>פַגֶּ֔יהָ</w>
        <w>וְהַגְּפָנִ֥ים ׀</w>
        <w>סְמָדַ֖ר</w>
        <w>נָ֣תְנוּ</w>
        <w>רֵ֑יחַ</w>
        <w>ק֥וּמִי</w>
        <k>לכי</k>
        <q>לָ֛ךְ</q>
        <w>רַעְיָתִ֥י</w>
        <w>יָפָתִ֖י</w>
        <w>וּלְכִי־</w>
        <w>לָֽךְ׃</w>
        <samekh/>
      </v>
      <v n="14">
        <w>יוֹנָתִ֞י</w>
        <w>בְּחַגְוֵ֣י</w>
        <w>הַסֶּ֗לַע</w>
        <w>בְּסֵ֙תֶר֙</w>
        <w>הַמַּדְרֵגָ֔ה</w>
        <w>הַרְאִ֙ינִי֙</w>
        <w>אֶת־</w>
        <w>מַרְאַ֔יִךְ</w>
        <w>הַשְׁמִיעִ֖ינִי</w>
        <w>אֶת־</w>
        <w>קוֹלֵ֑ךְ</w>
        <w>כִּי־</w>
        <w>קוֹלֵ֥ךְ</w>
        <w>עָרֵ֖ב</w>
        <w>וּמַרְאֵ֥יךְ</w>
        <w>נָאוֶֽה׃</w>
        <samekh/>
      </v>
      <v n="15">
        <w>אֶֽחֱזוּ־</w>
        <w>לָ֙נוּ֙</w>
        <w>שֽׁוּעָלִ֔ים</w>
        <w>שֽׁוּעָלִ֥ים</w>
        <w>קְטַנִּ֖ים</w>
        <w>מְחַבְּלִ֣ים</w>
        <w>כְּרָמִ֑ים</w>
        <w>וּכְרָמֵ֖ינוּ</w>
        <w>סְמָדַֽר׃</w>
      </v>
      <v n="16">
        <w>דּוֹדִ֥י</w>
        <w>לִי֙</w>
        <w>וַאֲנִ֣י</w>
        <w>ל֔וֹ</w>
        <w>הָרֹעֶ֖ה</w>
        <w>בַּשּׁוֹשַׁנִּֽים׃</w>
      </v>
      <v n="17">
        <w>עַ֤ד</w>
        <w>שֶׁיָּפ֙וּחַ֙</w>
        <w>הַיּ֔וֹם</w>
        <w>וְנָ֖סוּ</w>
        <w>הַצְּלָלִ֑ים</w>
        <w>סֹב֩</w>
        <w>דְּמֵה־</w>
        <w>לְךָ֨</w>
        <w>דוֹדִ֜י</w>
        <w>לִצְבִ֗י</w>
        <w>א֛וֹ</w>
        <w>לְעֹ֥פֶר</w>
        <w>הָאַיָּלִ֖ים</w>
        <w>עַל־</w>
        <w>הָ֥רֵי</w>
        <w>בָֽתֶר׃</w>
        <samekh/>
      </v>
      <vs>17</vs>
    </c>
    <c n="3">
      <v n="1">
        <w>עַל־</w>
        <w>מִשְׁכָּבִי֙</w>
        <w>בַּלֵּיל֔וֹת</w>
        <w>בִּקַּ֕שְׁתִּי</w>
        <w>אֵ֥ת</w>
        <w>שֶׁאָהֲבָ֖ה</w>
        <w>נַפְשִׁ֑י</w>
        <w>בִּקַּשְׁתִּ֖יו</w>
        <w>וְלֹ֥א</w>
        <w>מְצָאתִֽיו׃</w>
      </v>
      <v n="2">
        <w>אָק֨וּמָה</w>
        <w>נָּ֜א</w>
        <w>וַאֲסוֹבְבָ֣ה</w>
        <w>בָעִ֗יר</w>
        <w>בַּשְּׁוָקִים֙</w>
        <w>וּבָ֣רְחֹב֔וֹת</w>
        <w>אֲבַקְשָׁ֕ה</w>
        <w>אֵ֥ת</w>
        <w>שֶׁאָהֲבָ֖ה</w>
        <w>נַפְשִׁ֑י</w>
        <w>בִּקַּשְׁתִּ֖יו</w>
        <w>וְלֹ֥א</w>
        <w>מְצָאתִֽיו׃</w>
      </v>
      <v n="3">
        <w>מְצָא֙וּנִי֙</w>
        <w>הַשֹּׁ֣מְרִ֔ים</w>
        <w>הַסֹּבְבִ֖ים</w>
        <w>בָּעִ֑יר</w>
        <w>אֵ֛ת</w>
        <w>שֶׁאָהֲבָ֥ה</w>
        <w>נַפְשִׁ֖י</w>
        <w>רְאִיתֶֽם׃</w>
      </v>
      <v n="4">
        <w>כִּמְעַט֙</w>
        <w>שֶׁעָבַ֣רְתִּי</w>
        <w>מֵהֶ֔ם</w>
        <w>עַ֣ד</w>
        <w>שֶֽׁמָּצָ֔אתִי</w>
        <w>אֵ֥ת</w>
        <w>שֶׁאָהֲבָ֖ה</w>
        <w>נַפְשִׁ֑י</w>
        <w>אֲחַזְתִּיו֙</w>
        <w>וְלֹ֣א</w>
        <w>אַרְפֶּ֔נּוּ</w>
        <w>עַד־</w>
        <w>שֶׁ֤הֲבֵיאתִיו֙</w>
        <w>אֶל־</w>
        <w>בֵּ֣ית</w>
        <w>אִמִּ֔י</w>
        <w>וְאֶל־</w>
        <w>חֶ֖דֶר</w>
        <w>הוֹרָתִֽי׃</w>
      </v>
      <v n="5">
        <w>הִשְׁבַּ֨עְתִּי</w>
        <w>אֶתְכֶ֜ם</w>
        <w>בְּנ֤וֹת</w>
        <w>יְרוּשָׁלִַ֙ם֙</w>
        <w>בִּצְבָא֔וֹת</w>
        <w>א֖וֹ</w>
        <w>בְּאַיְל֣וֹת</w>
        <w>הַשָּׂדֶ֑ה</w>
        <w>אִם־</w>
        <w>תָּעִ֧ירוּ ׀</w>
        <w>וְֽאִם־</w>
        <w>תְּעֽוֹרְר֛וּ</w>
        <w>אֶת־</w>
        <w>הָאַהֲבָ֖ה</w>
        <w>עַ֥ד</w>
        <w>שֶׁתֶּחְפָּֽץ׃</w>
        <samekh/>
      </v>
      <v n="6">
        <w>מִ֣י</w>
        <w>זֹ֗את</w>
        <w>עֹלָה֙</w>
        <w>מִן־</w>
        <w>הַמִּדְבָּ֔ר</w>
        <w>כְּתִֽימֲר֖וֹת</w>
        <w>עָשָׁ֑ן</w>
        <w>מְקֻטֶּ֤רֶת</w>
        <w>מוֹר֙</w>
        <w>וּלְבוֹנָ֔ה</w>
        <w>מִכֹּ֖ל</w>
        <w>אַבְקַ֥ת</w>
        <w>רוֹכֵֽל׃</w>
      </v>
      <v n="7">
        <w>הִנֵּ֗ה</w>
        <w>מִטָּתוֹ֙</w>
        <w>שֶׁלִּשְׁלֹמֹ֔ה</w>
        <w>שִׁשִּׁ֥ים</w>
        <w>גִּבֹּרִ֖ים</w>
        <w>סָבִ֣יב</w>
        <w>לָ֑הּ</w>
        <w>מִגִּבֹּרֵ֖י</w>
        <w>יִשְׂרָאֵֽל׃</w>
      </v>
      <v n="8">
        <w>כֻּלָּם֙</w>
        <w>אֲחֻ֣זֵי</w>
        <w>חֶ֔רֶב</w>
        <w>מְלֻמְּדֵ֖י</w>
        <w>מִלְחָמָ֑ה</w>
        <w>אִ֤ישׁ</w>
        <w>חַרְבּוֹ֙</w>
        <w>עַל־</w>
        <w>יְרֵכ֔וֹ</w>
        <w>מִפַּ֖חַד</w>
        <w>בַּלֵּילּֽוֹת׃</w>
        <samekh/>
      </v>
      <v n="9">
        <w>אַפִּרְי֗וֹן</w>
        <w>עָ֤שָׂה</w>
        <w>לוֹ֙</w>
        <w>הַמֶּ֣לֶךְ</w>
        <w>שְׁלֹמֹ֔ה</w>
        <w>מֵעֲצֵ֖י</w>
        <w>הַלְּבָנֽוֹן׃</w>
      </v>
      <v n="10">
        <w>עַמּוּדָיו֙</w>
        <w>עָ֣שָׂה</w>
        <w>כֶ֔סֶף</w>
        <w>רְפִידָת֣וֹ</w>
        <w>זָהָ֔ב</w>
        <w>מֶרְכָּב֖וֹ</w>
        <w>אַרְגָּמָ֑ן</w>
        <w>תּוֹכוֹ֙</w>
        <w>רָצ֣וּף</w>
        <w>אַהֲבָ֔ה</w>
        <w>מִבְּנ֖וֹת</w>
        <w>יְרוּשָׁלָֽ͏ִם׃</w>
      </v>
      <v n="11">
        <w>צְאֶ֧ינָה ׀</w>
        <w>וּֽרְאֶ֛ינָה</w>
        <w>בְּנ֥וֹת</w>
        <w>צִיּ֖וֹן</w>
        <w>בַּמֶּ֣לֶךְ</w>
        <w>שְׁלֹמֹ֑ה</w>
        <w>בָּעֲטָרָ֗ה</w>
        <w>שֶׁעִטְּרָה־</w>
        <w>לּ֤וֹ</w>
        <w>אִמּוֹ֙</w>
        <w>בְּי֣וֹם</w>
        <w>חֲתֻנָּת֔וֹ</w>
        <w>וּבְי֖וֹם</w>
        <w>שִׂמְחַ֥ת</w>
        <w>לִבּֽוֹ׃</w>
        <samekh/>
      </v>
      <vs>11</vs>
    </c>
    <c n="4">
      <v n="1">
        <w>הִנָּ֨ךְ</w>
        <w>יָפָ֤ה</w>
        <w>רַעְיָתִי֙</w>
        <w>הִנָּ֣ךְ</w>
        <w>יָפָ֔ה</w>
        <w>עֵינַ֣יִךְ</w>
        <w>יוֹנִ֔ים</w>
        <w>מִבַּ֖עַד</w>
        <w>לְצַמָּתֵ֑ךְ</w>
        <w>שַׂעְרֵךְ֙</w>
        <w>כְּעֵ֣דֶר</w>
        <w>הָֽעִזִּ֔ים</w>
        <w>שֶׁגָּלְשׁ֖וּ</w>
        <w>מֵהַ֥ר</w>
        <w>גִּלְעָֽד׃</w>
      </v>
      <v n="2">
        <w>שִׁנַּ֙יִךְ֙</w>
        <w>כְּעֵ֣דֶר</w>
        <w>הַקְּצוּב֔וֹת</w>
        <w>שֶׁעָל֖וּ</w>
        <w>מִן־</w>
        <w>הָרַחְצָ֑ה</w>
        <w>שֶׁכֻּלָּם֙</w>
        <w>מַתְאִימ֔וֹת</w>
        <w>וְשַׁכֻּלָ֖ה</w>
        <w>אֵ֥ין</w>
        <w>בָּהֶֽם׃</w>
      </v>
      <v n="3">
        <w>כְּח֤וּט</w>
        <w>הַשָּׁנִי֙</w>
        <w>שִׂפְתֹתַ֔יִךְ</w>
        <w>וּמִדְבָּרֵ֖יךְ</w>
        <w>נָאוֶ֑ה</w>
        <w>כְּפֶ֤לַח</w>
        <w>הָֽרִמּוֹן֙</w>
        <w>רַקָּתֵ֔ךְ</w>
        <w>מִבַּ֖עַד</w>
        <w>לְצַמָּתֵֽךְ׃</w>
      </v>
      <v n="4">
        <w>כְּמִגְדַּ֤ל</w>
        <w>דָּוִיד֙</w>
        <w>צַוָּארֵ֔ךְ</w>
        <w>בָּנ֖וּי</w>
        <w>לְתַלְפִּיּ֑וֹת</w>
        <w>אֶ֤לֶף</w>
        <w>הַמָּגֵן֙</w>
        <w>תָּל֣וּי</w>
        <w>עָלָ֔יו</w>
        <w>כֹּ֖ל</w>
        <w>שִׁלְטֵ֥י</w>
        <w>הַגִּבּוֹרִֽים׃</w>
      </v>
      <v n="5">
        <w>שְׁנֵ֥י</w>
        <w>שָׁדַ֛יִךְ</w>
        <w>כִּשְׁנֵ֥י</w>
        <w>עֳפָרִ֖ים</w>
        <w>תְּאוֹמֵ֣י</w>
        <w>צְבִיָּ֑ה</w>
        <w>הָרוֹעִ֖ים</w>
        <w>בַּשּׁוֹשַׁנִּֽים׃</w>
      </v>
      <v n="6">
        <w>עַ֤ד</w>
        <w>שֶׁיָּפ֙וּחַ֙</w>
        <w>הַיּ֔וֹם</w>
        <w>וְנָ֖סוּ</w>
        <w>הַצְּלָלִ֑ים</w>
        <w>אֵ֤לֶךְ</w>
        <w>לִי֙</w>
        <w>אֶל־</w>
        <w>הַ֣ר</w>
        <w>הַמּ֔וֹר</w>
        <w>וְאֶל־</w>
        <w>גִּבְעַ֖ת</w>
        <w>הַלְּבוֹנָֽה׃</w>
      </v>
      <v n="7">
        <w>כֻּלָּ֤ךְ</w>
        <w>יָפָה֙</w>
        <w>רַעְיָתִ֔י</w>
        <w>וּמ֖וּם</w>
        <w>אֵ֥ין</w>
        <w>בָּֽךְ׃</w>
        <samekh/>
      </v>
      <v n="8">
        <w>אִתִּ֤י</w>
        <w>מִלְּבָנוֹן֙</w>
        <w>כַּלָּ֔ה</w>
        <w>אִתִּ֖י</w>
        <w>מִלְּבָנ֣וֹן</w>
        <w>תָּב֑וֹאִי</w>
        <w>תָּשׁ֣וּרִי ׀</w>
        <w>מֵרֹ֣אשׁ</w>
        <w>אֲמָנָ֗ה</w>
        <w>מֵרֹ֤אשׁ</w>
        <w>שְׂנִיר֙</w>
        <w>וְחֶרְמ֔וֹן</w>
        <w>מִמְּעֹנ֣וֹת</w>
        <w>אֲרָי֔וֹת</w>
        <w>מֵֽהַרְרֵ֖י</w>
        <w>נְמֵרִֽים׃</w>
      </v>
      <v n="9">
        <w>לִבַּבְתִּ֖נִי</w>
        <w>אֲחֹתִ֣י</w>
        <w>כַלָּ֑ה</w>
        <w>לִבַּבְתִּ֙ינִי֙</w>
        <k>באחד</k>
        <q>בְּאַחַ֣ת</q>
        <w>מֵעֵינַ֔יִךְ</w>
        <w>בְּאַחַ֥ד</w>
        <w>עֲנָ֖ק</w>
        <w>מִצַּוְּרֹנָֽיִךְ׃</w>
      </v>
      <v n="10">
        <w>מַה־</w>
        <w>יָּפ֥וּ</w>
        <w>דֹדַ֖יִךְ</w>
        <w>אֲחֹתִ֣י</w>
        <w>כַלָּ֑ה</w>
        <w>מַה־</w>
        <w>טֹּ֤בוּ</w>
        <w>דֹדַ֙יִךְ֙</w>
        <w>מִיַּ֔יִן</w>
        <w>וְרֵ֥יחַ</w>
        <w>שְׁמָנַ֖יִךְ</w>
        <w>מִכָּל־</w>
        <w>בְּשָׂמִֽים׃</w>
      </v>
      <v n="11">
        <w>נֹ֛פֶת</w>
        <w>תִּטֹּ֥פְנָה</w>
        <w>שִׂפְתוֹתַ֖יִךְ</w>
        <w>כַּלָּ֑ה</w>
        <w>דְּבַ֤שׁ</w>
        <w>וְחָלָב֙</w>
        <w>תַּ֣חַת</w>
        <w>לְשׁוֹנֵ֔ךְ</w>
        <w>וְרֵ֥יחַ</w>
        <w>שַׂלְמֹתַ֖יִךְ</w>
        <w>כְּרֵ֥יחַ</w>
        <w>לְבָנֽוֹן׃</w>
        <samekh/>
      </v>
      <v n="12">
        <w>גַּ֥ן ׀</w>
        <w>נָע֖וּל</w>
        <w>אֲחֹתִ֣י</w>
        <w>כַלָּ֑ה</w>
        <w>גַּ֥ל</w>
        <w>נָע֖וּל</w>
        <w>מַעְיָ֥ן</w>
        <w>חָתֽוּם׃</w>
      </v>
      <v n="13">
        <w>שְׁלָחַ֙יִךְ֙</w>
        <w>פַּרְדֵּ֣ס</w>
        <w>רִמּוֹנִ֔ים</w>
        <w>עִ֖ם</w>
        <w>פְּרִ֣י</w>
        <w>מְגָדִ֑ים</w>
        <w>כְּפָרִ֖ים</w>
        <w>עִם־</w>
        <w>נְרָדִֽים׃</w>
      </v>
      <v n="14">
        <w>נֵ֣רְדְּ ׀</w>
        <w>וְכַרְכֹּ֗ם</w>
        <w>קָנֶה֙</w>
        <w>וְקִנָּמ֔וֹן</w>
        <w>עִ֖ם</w>
        <w>כָּל־</w>
        <w>עֲצֵ֣י</w>
        <w>לְבוֹנָ֑ה</w>
        <w>מֹ֚ר</w>
        <w>וַאֲהָל֔וֹת</w>
        <w>עִ֖ם</w>
        <w>כָּל־</w>
        <w>רָאשֵׁ֥י</w>
        <w>בְשָׂמִֽים׃</w>
      </v>
      <v n="15">
        <w>מַעְיַ֣ן</w>
        <w>גַּנִּ֔ים</w>
        <w>בְּאֵ֖ר</w>
        <w>מַ֣יִם</w>
        <w>חַיִּ֑ים</w>
        <w>וְנֹזְלִ֖ים</w>
        <w>מִן־</w>
        <w>לְבָנֽוֹן׃</w>
      </v>
      <v n="16">
        <w>ע֤וּרִי</w>
        <w>צָפוֹן֙</w>
        <w>וּב֣וֹאִי</w>
        <w>תֵימָ֔ן</w>
        <w>הָפִ֥יחִי</w>
        <w>גַנִּ֖י</w>
        <w>יִזְל֣וּ</w>
        <w>בְשָׂמָ֑יו</w>
        <w>יָבֹ֤א</w>
        <w>דוֹדִי֙</w>
        <w>לְגַנּ֔וֹ</w>
        <w>וְיֹאכַ֖ל</w>
        <w>פְּרִ֥י</w>
        <w>מְגָדָֽיו׃</w>
      </v>
      <vs>16</vs>
    </c>
    <c n="5">
      <v n="1">
        <w>בָּ֣אתִי</w>
        <w>לְגַנִּי֮</w>
        <w>אֲחֹתִ֣י</w>
        <w>כַלָּה֒</w>
        <w>אָרִ֤יתִי</w>
        <w>מוֹרִי֙</w>
        <w>עִם־</w>
        <w>בְּשָׂמִ֔י</w>
        <w>אָכַ֤לְתִּי</w>
        <w>יַעְרִי֙</w>
        <w>עִם־</w>
        <w>דִּבְשִׁ֔י</w>
        <w>שָׁתִ֥יתִי</w>
        <w>יֵינִ֖י</w>
        <w>עִם־</w>
        <w>חֲלָבִ֑י</w>
        <w>אִכְל֣וּ</w>
        <w>רֵעִ֔ים</w>
        <w>שְׁת֥וּ</w>
        <w>וְשִׁכְר֖וּ</w>
        <w>דּוֹדִֽים׃</w>
        <samekh/>
      </v>
      <v n="2">
        <w>אֲנִ֥י</w>
        <w>יְשֵׁנָ֖ה</w>
        <w>וְלִבִּ֣י</w>
        <w>עֵ֑ר</w>
        <w>ק֣וֹל ׀</w>
        <w>דּוֹדִ֣י</w>
        <w>דוֹפֵ֗ק</w>
        <w>פִּתְחִי־</w>
        <w>לִ֞י</w>
        <w>אֲחֹתִ֤י</w>
        <w>רַעְיָתִי֙</w>
        <w>יוֹנָתִ֣י</w>
        <w>תַמָּתִ֔י</w>
        <w>שֶׁרֹּאשִׁי֙</w>
        <w>נִמְלָא־</w>
        <w>טָ֔ל</w>
        <w>קְוֻּצּוֹתַ֖י</w>
        <w>רְסִ֥יסֵי</w>
        <w>לָֽיְלָה׃</w>
      </v>
      <v n="3">
        <w>פָּשַׁ֙טְתִּי֙</w>
        <w>אֶת־</w>
        <w>כֻּתָּנְתִּ֔י</w>
        <w>אֵיכָ֖כָה</w>
        <w>אֶלְבָּשֶׁ֑נָּה</w>
        <w>רָחַ֥צְתִּי</w>
        <w>אֶת־</w>
        <w>רַגְלַ֖י</w>
        <w>אֵיכָ֥כָה</w>
        <w>אֲטַנְּפֵֽם׃</w>
      </v>
      <v n="4">
        <w>דּוֹדִ֗י</w>
        <w>שָׁלַ֤ח</w>
        <w>יָדוֹ֙</w>
        <w>מִן־</w>
        <w>הַחֹ֔ר</w>
        <w>וּמֵעַ֖י</w>
        <w>הָמ֥וּ</w>
        <w>עָלָֽיו׃</w>
      </v>
      <v n="5">
        <w>קַ֥מְתִּֽי</w>
        <w>אֲנִ֖י</w>
        <w>לִפְתֹּ֣חַ</w>
        <w>לְדוֹדִ֑י</w>
        <w>וְיָדַ֣י</w>
        <w>נָֽטְפוּ־</w>
        <w>מ֗וֹר</w>
        <w>וְאֶצְבְּעֹתַי֙</w>
        <w>מ֣וֹר</w>
        <w>עֹבֵ֔ר</w>
        <w>עַ֖ל</w>
        <w>כַּפּ֥וֹת</w>
        <w>הַמַּנְעֽוּל׃</w>
      </v>
      <v n="6">
        <w>פָּתַ֤חְתִּֽי</w>
        <w>אֲנִי֙</w>
        <w>לְדוֹדִ֔י</w>
        <w>וְדוֹדִ֖י</w>
        <w>חָמַ֣ק</w>
        <w>עָבָ֑ר</w>
        <w>נַפְשִׁי֙</w>
        <w>יָֽצְאָ֣ה</w>
        <w>בְדַבְּר֔וֹ</w>
        <w>בִּקַּשְׁתִּ֙יהוּ֙</w>
        <w>וְלֹ֣א</w>
        <w>מְצָאתִ֔יהוּ</w>
        <w>קְרָאתִ֖יו</w>
        <w>וְלֹ֥א</w>
        <w>עָנָֽנִי׃</w>
      </v>
      <v n="7">
        <w>מְצָאֻ֧נִי</w>
        <w>הַשֹּׁמְרִ֛ים</w>
        <w>הַסֹּבְבִ֥ים</w>
        <w>בָּעִ֖יר</w>
        <w>הִכּ֣וּנִי</w>
        <w>פְצָע֑וּנִי</w>
        <w>נָשְׂא֤וּ</w>
        <w>אֶת־</w>
        <w>רְדִידִי֙</w>
        <w>מֵֽעָלַ֔י</w>
        <w>שֹׁמְרֵ֖י</w>
        <w>הַחֹמֽוֹת׃</w>
      </v>
      <v n="8">
        <w>הִשְׁבַּ֥עְתִּי</w>
        <w>אֶתְכֶ֖ם</w>
        <w>בְּנ֣וֹת</w>
        <w>יְרוּשָׁלָ֑͏ִם</w>
        <w>אִֽם־</w>
        <w>תִּמְצְאוּ֙</w>
        <w>אֶת־</w>
        <w>דּוֹדִ֔י</w>
        <w>מַה־</w>
        <w>תַּגִּ֣ידוּ</w>
        <w>ל֔וֹ</w>
        <w>שֶׁחוֹלַ֥ת</w>
        <w>אַהֲבָ֖ה</w>
        <w>אָֽנִי׃</w>
      </v>
      <v n="9">
        <w>מַה־</w>
        <w>דּוֹדֵ֣ךְ</w>
        <w>מִדּ֔וֹד</w>
        <w>הַיָּפָ֖ה</w>
        <w>בַּנָּשִׁ֑ים</w>
        <w>מַה־</w>
        <w>דּוֹדֵ֣ךְ</w>
        <w>מִדּ֔וֹד</w>
        <w>שֶׁכָּ֖כָה</w>
        <w>הִשְׁבַּעְתָּֽנוּ׃</w>
      </v>
      <v n="10">
        <w>דּוֹדִ֥י</w>
        <w>צַח֙</w>
        <w>וְאָד֔וֹם</w>
        <w>דָּג֖וּל</w>
        <w>מֵרְבָבָֽה׃</w>
      </v>
      <v n="11">
        <w>רֹאשׁ֖וֹ</w>
        <w>כֶּ֣תֶם</w>
        <w>פָּ֑ז</w>
        <w>קְוּצּוֹתָיו֙</w>
        <w>תַּלְתַּלִּ֔ים</w>
        <w>שְׁחֹר֖וֹת</w>
        <w>כָּעוֹרֵֽב׃</w>
      </v>
      <v n="12">
        <w>עֵינָ֕יו</w>
        <w>כְּיוֹנִ֖ים</w>
        <w>עַל־</w>
        <w>אֲפִ֣יקֵי</w>
        <w>מָ֑יִם</w>
        <w>רֹֽחֲצוֹת֙</w>
        <w>בֶּֽחָלָ֔ב</w>
        <w>יֹשְׁב֖וֹת</w>
        <w>עַל־</w>
        <w>מִלֵּֽאת׃</w>
      </v>
      <v n="13">
        <w>לְחָיָו֙</w>
        <w>כַּעֲרוּגַ֣ת</w>
        <w>הַבֹּ֔שֶׂם</w>
        <w>מִגְדְּל֖וֹת</w>
        <w>מֶרְקָחִ֑ים</w>
        <w>שִׂפְתוֹתָיו֙</w>
        <w>שֽׁוֹשַׁנִּ֔ים</w>
        <w>נֹטְפ֖וֹת</w>
        <w>מ֥וֹר</w>
        <w>עֹבֵֽר׃</w>
      </v>
      <v n="14">
        <w>יָדָיו֙</w>
        <w>גְּלִילֵ֣י</w>
        <w>זָהָ֔ב</w>
        <w>מְמֻלָּאִ֖ים</w>
        <w>בַּתַּרְשִׁ֑ישׁ</w>
        <w>מֵעָיו֙</w>
        <w>עֶ֣שֶׁת</w>
        <w>שֵׁ֔ן</w>
        <w>מְעֻלֶּ֖פֶת</w>
        <w>סַפִּירִֽים׃</w>
      </v>
      <v n="15">
        <w>שׁוֹקָיו֙</w>
        <w>עַמּ֣וּדֵי</w>
        <w>שֵׁ֔שׁ</w>
        <w>מְיֻסָּדִ֖ים</w>
        <w>עַל־</w>
        <w>אַדְנֵי־</w>
        <w>פָ֑ז</w>
        <w>מַרְאֵ֙הוּ֙</w>
        <w>כַּלְּבָנ֔וֹן</w>
        <w>בָּח֖וּר</w>
        <w>כָּאֲרָזִֽים׃</w>
      </v>
      <v n="16">
        <w>חִכּוֹ֙</w>
        <w>מַֽמְתַקִּ֔ים</w>
        <w>וְכֻלּ֖וֹ</w>
        <w>מַחֲ<x>t</x>מַדִּ֑ים</w>
        <w>זֶ֤ה</w>
        <w>דוֹדִי֙</w>
        <w>וְזֶ֣ה</w>
        <w>רֵעִ֔י</w>
        <w>בְּנ֖וֹת</w>
        <w>יְרוּשָׁלָֽ͏ִם׃</w>
      </v>
      <vs>16</vs>
    </c>
    <c n="6">
      <v n="1">
        <w>אָ֚נָה</w>
        <w>הָלַ֣ךְ</w>
        <w>דּוֹדֵ֔ךְ</w>
        <w>הַיָּפָ֖ה</w>
        <w>בַּנָּשִׁ֑ים</w>
        <w>אָ֚נָה</w>
        <w>פָּנָ֣ה</w>
        <w>דוֹדֵ֔ךְ</w>
        <w>וּנְבַקְשֶׁ֖נּוּ</w>
        <w>עִמָּֽךְ׃</w>
      </v>
      <v n="2">
        <w>דּוֹדִי֙</w>
        <w>יָרַ֣ד</w>
        <w>לְגַנּ֔וֹ</w>
        <w>לַעֲרוּג֖וֹת</w>
        <w>הַבֹּ֑שֶׂם</w>
        <w>לִרְעוֹת֙</w>
        <w>בַּגַּנִּ֔ים</w>
        <w>וְלִלְקֹ֖ט</w>
        <w>שֽׁוֹשַׁנִּֽים׃</w>
      </v>
      <v n="3">
        <w>אֲנִ֤י</w>
        <w>לְדוֹדִי֙</w>
        <w>וְדוֹדִ֣י</w>
        <w>לִ֔י</w>
        <w>הָרֹעֶ֖ה</w>
        <w>בַּשׁוֹשַׁנִּֽים׃</w>
        <samekh/>
      </v>
      <v n="4">
        <w>יָפָ֨ה</w>
        <w>אַ֤תְּ</w>
        <w>רַעְיָתִי֙</w>
        <w>כְּתִרְצָ֔ה</w>
        <w>נָאוָ֖ה</w>
        <w>כִּירוּשָׁלָ֑͏ִם</w>
        <w>אֲיֻמָּ֖ה</w>
        <w>כַּנִּדְגָּלֽוֹת׃</w>
      </v>
      <v n="5">
        <w>הָסֵ֤בִּי</w>
        <w>עֵינַ֙יִךְ֙</w>
        <w>מִנֶּגְדִּ֔י</w>
        <w>שֶׁ֥הֵ֖ם</w>
        <w>הִרְהִיבֻ֑נִי</w>
        <w>שַׂעְרֵךְ֙</w>
        <w>כְּעֵ֣דֶר</w>
        <w>הָֽעִזִּ֔ים</w>
        <w>שֶׁגָּלְשׁ֖וּ</w>
        <w>מִן־</w>
        <w>הַגִּלְעָֽד׃</w>
      </v>
      <v n="6">
        <w>שִׁנַּ֙יִךְ֙</w>
        <w>כְּעֵ֣דֶר</w>
        <w>הֽ͏ָרְחֵלִ֔ים</w>
        <w>שֶׁעָל֖וּ</w>
        <w>מִן־</w>
        <w>הָרַחְצָ֑ה</w>
        <w>שֶׁכֻּלָּם֙</w>
        <w>מַתְאִימ֔וֹת</w>
        <w>וְשַׁכֻּלָ֖ה</w>
        <w>אֵ֥ין</w>
        <w>בָּהֶֽם׃</w>
      </v>
      <v n="7">
        <w>כְּפֶ֤לַח</w>
        <w>הָרִמּוֹן֙</w>
        <w>רַקָּתֵ֔ךְ</w>
        <w>מִבַּ֖עַד</w>
        <w>לְצַמָּתֵֽךְ׃</w>
      </v>
      <v n="8">
        <w>שִׁשִּׁ֥ים</w>
        <w>הֵ֙מָּה֙</w>
        <w>מְּ<x>c</x>לָכ֔וֹת</w>
        <w>וּשְׁמֹנִ֖ים</w>
        <w>פִּֽילַגְשִׁ֑ים</w>
        <w>וַעֲלָמ֖וֹת</w>
        <w>אֵ֥ין</w>
        <w>מִסְפָּֽר׃</w>
      </v>
      <v n="9">
        <w>אַחַ֥ת</w>
        <w>הִיא֙</w>
        <w>יוֹנָתִ֣י</w>
        <w>תַמָּתִ֔י</w>
        <w>אַחַ֥ת</w>
        <w>הִיא֙</w>
        <w>לְאִמָּ֔הּ</w>
        <w>בָּרָ֥ה</w>
        <w>הִ֖יא</w>
        <w>לְיֽוֹלַדְתָּ֑הּ</w>
        <w>רָא֤וּהָ</w>
        <w>בָנוֹת֙</w>
        <w>וַֽיְאַשְּׁר֔וּהָ</w>
        <w>מְלָכ֥וֹת</w>
        <w>וּפִֽילַגְשִׁ֖ים</w>
        <w>וַֽיְהַלְלֽוּהָ׃</w>
        <samekh/>
      </v>
      <v n="10">
        <w>מִי־</w>
        <w>זֹ֥את</w>
        <w>הַנִּשְׁקָפָ֖ה</w>
        <w>כְּמוֹ־</w>
        <w>שָׁ֑חַר</w>
        <w>יָפָ֣ה</w>
        <w>כַלְּבָנָ֗ה</w>
        <w>בָּרָה֙</w>
        <w>כַּֽחַמָּ֔ה</w>
        <w>אֲיֻמָּ֖ה</w>
        <w>כַּנִּדְגָּלֽוֹת׃</w>
        <samekh/>
      </v>
      <v n="11">
        <w>אֶל־</w>
        <w>גִּנַּ֤ת</w>
        <w>אֱגוֹז֙</w>
        <w>יָרַ֔דְתִּי</w>
        <w>לִרְא֖וֹת</w>
        <w>בְּאִבֵּ֣י</w>
        <w>הַנָּ֑חַל</w>
        <w>לִרְאוֹת֙</w>
        <w>הֲפָֽרְחָ֣ה</w>
        <w>הַגֶּ֔פֶן</w>
        <w>הֵנֵ֖צוּ</w>
        <w>הָרִמֹּנִֽים׃</w>
      </v>
      <v n="12">
        <w>לֹ֣א</w>
        <w>יָדַ֔עְתִּי</w>
        <w>נַפְשִׁ֣י</w>
        <w>שָׂמַ֔תְנִי</w>
        <w>מַרְכְּב֖וֹת</w>
        <w>עַמִּי־</w>
        <w>נָדִֽיב׃</w>
      </v>
      <vs>12</vs>
    </c>
    <c n="7">
      <v n="1">
        <w>שׁ֤וּבִי</w>
        <w>שׁ֙וּבִי֙</w>
        <w>הַשּׁ֣וּלַמִּ֔ית</w>
        <w>שׁ֥וּבִי</w>
        <w>שׁ֖וּבִי</w>
        <w>וְנֶחֱזֶה־</w>
        <w>בָּ֑ךְ</w>
        <w>מַֽה־</w>
        <w>תֶּחֱזוּ֙</w>
        <w>בַּשּׁ֣וּלַמִּ֔ית</w>
        <w>כִּמְחֹלַ֖ת</w>
        <w>הַֽמַּחֲנָֽיִם׃</w>
      </v>
      <v n="2">
        <w>מַה־</w>
        <w>יָּפ֧וּ</w>
        <w>פְעָמַ֛יִךְ</w>
        <w>בַּנְּעָלִ֖ים</w>
        <w>בַּת־</w>
        <w>נָדִ֑יב</w>
        <w>חַמּוּקֵ֣י</w>
        <w>יְרֵכַ֔יִךְ</w>
        <w>כְּמ֣וֹ</w>
        <w>חֲלָאִ֔ים</w>
        <w>מַעֲשֵׂ֖ה</w>
        <w>יְדֵ֥י</w>
        <w>אָמָּֽן׃</w>
      </v>
      <v n="3">
        <w>שָׁרְרֵךְ֙</w>
        <w>אַגַּ֣ן</w>
        <w>הַסַּ֔הַר</w>
        <w>אַל־</w>
        <w>יֶחְסַ֖ר</w>
        <w>הַמָּ֑זֶג</w>
        <w>בִּטְנֵךְ֙</w>
        <w>עֲרֵמַ֣ת</w>
        <w>חִטִּ֔ים</w>
        <w>סוּגָ֖ה</w>
        <w>בַּשּׁוֹשַׁנִּֽים׃</w>
      </v>
      <v n="4">
        <w>שְׁנֵ֥י</w>
        <w>שָׁדַ֛יִךְ</w>
        <w>כִּשְׁנֵ֥י</w>
        <w>עֳפָרִ֖ים</w>
        <w>תָּאֳמֵ֥י</w>
        <w>צְבִיָּֽה׃</w>
      </v>
      <v n="5">
        <w>צַוָּארֵ֖ךְ</w>
        <w>כְּמִגְדַּ֣ל</w>
        <w>הַשֵּׁ֑ן</w>
        <w>עֵינַ֜יִךְ</w>
        <w>בְּרֵכ֣וֹת</w>
        <w>בְּחֶשְׁבּ֗וֹן</w>
        <w>עַל־</w>
        <w>שַׁ֙עַר֙</w>
        <w>בַּת־</w>
        <w>רַבִּ֔ים</w>
        <w>אַפֵּךְ֙</w>
        <w>כְּמִגְדַּ֣ל</w>
        <w>הַלְּבָנ֔וֹן</w>
        <w>צוֹפֶ֖ה</w>
        <w>פְּנֵ֥י</w>
        <w>דַמָּֽשֶׂק׃</w>
      </v>
      <v n="6">
        <w>רֹאשֵׁ֤ךְ</w>
        <w>עָלַ֙יִךְ֙</w>
        <w>כַּכַּרְמֶ֔ל</w>
        <w>וְדַלַּ֥ת</w>
        <w>רֹאשֵׁ֖ךְ</w>
        <w>כָּאַרְגָּמָ֑ן</w>
        <w>מֶ֖לֶךְ</w>
        <w>אָס֥וּר</w>
        <w>בָּרְהָטִֽים׃</w>
      </v>
      <v n="7">
        <w>מַה־</w>
        <w>יָּפִית֙</w>
        <w>וּמַה־</w>
        <w>נָּעַ֔מְתְּ</w>
        <w>אַהֲבָ֖ה</w>
        <w>בַּתַּֽעֲנוּגִֽים׃</w>
      </v>
      <v n="8">
        <w>זֹ֤את</w>
        <w>קֽוֹמָתֵךְ֙</w>
        <w>דָּֽמְתָ֣ה</w>
        <w>לְתָמָ֔ר</w>
        <w>וְשָׁדַ֖יִךְ</w>
        <w>לְאַשְׁכֹּלֽוֹת׃</w>
      </v>
      <v n="9">
        <w>אָמַ֙רְתִּי֙</w>
        <w>אֶעֱלֶ֣ה</w>
        <w>בְתָמָ֔ר</w>
        <w>אֹֽחֲזָ֖ה</w>
        <w>בְּסַנְסִנָּ֑יו</w>
        <w>וְיִֽהְיוּ־</w>
        <w>נָ֤א</w>
        <w>שָׁדַ֙יִךְ֙</w>
        <w>כְּאֶשְׁכְּל֣וֹת</w>
        <w>הַגֶּ֔פֶן</w>
        <w>וְרֵ֥יחַ</w>
        <w>אַפֵּ֖ךְ</w>
        <w>כַּתַּפּוּחִֽים׃</w>
      </v>
      <v n="10">
        <w>וְחִכֵּ֕ךְ</w>
        <w>כְּיֵ֥ין</w>
        <w>הַטּ֛וֹב</w>
        <w>הוֹלֵ֥ךְ</w>
        <w>לְדוֹדִ֖י</w>
        <w>לְמֵישָׁרִ֑ים</w>
        <w>דּוֹבֵ֖ב</w>
        <w>שִׂפְתֵ֥י</w>
        <w>יְשֵׁנִֽים׃</w>
      </v>
      <v n="11">
        <w>אֲנִ֣י</w>
        <w>לְדוֹדִ֔י</w>
        <w>וְעָלַ֖י</w>
        <w>תְּשׁוּקָתֽוֹ׃</w>
        <samekh/>
      </v>
      <v n="12">
        <w>לְכָ֤ה</w>
        <w>דוֹדִי֙</w>
        <w>נֵצֵ֣א</w>
        <w>הַשָּׂדֶ֔ה</w>
        <w>נָלִ֖ינָה</w>
        <w>בַּכְּפָרִֽים׃</w>
      </v>
      <v n="13">
        <w>נַשְׁכִּ֙ימָה֙</w>
        <w>לַכְּרָמִ֔ים</w>
        <w>נִרְאֶ֞ה</w>
        <w>אִם<x>c</x>
</w>
        <w>פָּֽרְחָ֤ה</w>
        <w>הַגֶּ֙פֶן֙</w>
        <w>פִּתַּ֣ח</w>
        <w>הַסְּמָדַ֔ר</w>
        <w>הֵנֵ֖צוּ</w>
        <w>הָרִמּוֹנִ֑ים</w>
        <w>שָׁ֛ם</w>
        <w>אֶתֵּ֥ן</w>
        <w>אֶת־</w>
        <w>דֹּדַ֖י</w>
        <w>לָֽךְ׃</w>
      </v>
      <v n="14">
        <w>הַֽדּוּדָאִ֣ים</w>
        <w>נָֽתְנוּ־</w>
        <w>רֵ֗יחַ</w>
        <w>וְעַל־</w>
        <w>פְּתָחֵ֙ינוּ֙</w>
        <w>כָּל־</w>
        <w>מְגָדִ֔ים</w>
        <w>חֲדָשִׁ֖ים</w>
        <w>גַּם־</w>
        <w>יְשָׁנִ֑ים</w>
        <w>דּוֹדִ֖י</w>
        <w>צָפַ֥נְתִּי</w>
        <w>לָֽךְ׃</w>
      </v>
      <vs>14</vs>
    </c>
    <c n="8">
      <v n="1">
        <w>מִ֤י</w>
        <w>יִתֶּנְךָ֙</w>
        <w>כְּאָ֣ח</w>
        <w>לִ֔י</w>
        <w>יוֹנֵ֖ק</w>
        <w>שְׁדֵ֣י</w>
        <w>אִמִּ֑י</w>
        <w>אֶֽמְצָאֲךָ֤</w>
        <w>בַחוּץ֙</w>
        <w>אֶשָׁ֣קְךָ֔</w>
        <w>גַּ֖ם</w>
        <w>לֹא־</w>
        <w>יָב֥וּזוּ</w>
        <w>לִֽי׃</w>
      </v>
      <v n="2">
        <w>אֶנְהָֽגֲךָ֗</w>
        <w>אֲבִֽיאֲךָ֛</w>
        <w>אֶל־</w>
        <w>בֵּ֥ית</w>
        <w>אִמִּ֖י</w>
        <w>תְּלַמְּדֵ֑נִי</w>
        <w>אַשְׁקְךָ֙</w>
        <w>מִיַּ֣יִן</w>
        <w>הָרֶ֔קַח</w>
        <w>מֵעֲסִ֖יס</w>
        <w>רִמֹּנִֽי׃</w>
      </v>
      <v n="3">
        <w>שְׂמֹאלוֹ֙</w>
        <w>תַּ֣חַת</w>
        <w>רֹאשִׁ֔י</w>
        <w>וִֽימִינ֖וֹ</w>
        <w>תְּחַבְּקֵֽנִי׃</w>
      </v>
      <v n="4">
        <w>הִשְׁבַּ֥עְתִּי</w>
        <w>אֶתְכֶ֖ם</w>
        <w>בְּנ֣וֹת</w>
        <w>יְרוּשָׁלָ֑͏ִם</w>
        <w>מַה־</w>
        <w>תָּעִ֧ירוּ ׀</w>
        <w>וּֽמַה־</w>
        <w>תְּעֹֽרְר֛וּ</w>
        <w>אֶת־</w>
        <w>הָאַהֲבָ֖ה</w>
        <w>עַ֥ד</w>
        <w>שֶׁתֶּחְפָּֽץ׃</w>
        <samekh/>
      </v>
      <v n="5">
        <w>מִ֣י</w>
        <w>זֹ֗את</w>
        <w>עֹלָה֙</w>
        <w>מִן־</w>
        <w>הַמִּדְבָּ֔ר</w>
        <w>מִתְרַפֶּ֖קֶת</w>
        <w>עַל־</w>
        <w>דּוֹדָ֑הּ</w>
        <w>תַּ֤חַת</w>
        <w>הַתַּפּ֙וּחַ֙</w>
        <w>עֽוֹרַרְתִּ֔יךָ</w>
        <w>שָׁ֚מָּה</w>
        <w>חִבְּלַ֣תְךָ</w>
        <w>אִמֶּ֔ךָ</w>
        <w>שָׁ֖מָּה</w>
        <w>חִבְּלָ֥ה</w>
        <w>יְלָדַֽתְךָ׃</w>
      </v>
      <v n="6">
        <w>שִׂימֵ֨נִי</w>
        <w>כַֽחוֹתָ֜ם</w>
        <w>עַל־</w>
        <w>לִבֶּ֗ךָ</w>
        <w>כַּֽחוֹתָם֙</w>
        <w>עַל־</w>
        <w>זְרוֹעֶ֔ךָ</w>
        <w>כִּֽי־</w>
        <w>עַזָּ֤ה</w>
        <w>כַמָּ֙וֶת֙</w>
        <w>אַהֲבָ֔ה</w>
        <w>קָשָׁ֥ה</w>
        <w>כִשְׁא֖וֹל</w>
        <w>קִנְאָ֑ה</w>
        <w>רְשָׁפֶ֕יהָ</w>
        <w>רִשְׁפֵּ֕י</w>
        <w>אֵ֖שׁ</w>
        <w>שַׁלְהֶ֥בֶתְיָֽה׃</w>
      </v>
      <v n="7">
        <w>מַ֣יִם</w>
        <w>רַבִּ֗ים</w>
        <w>לֹ֤א</w>
        <w>יֽוּכְלוּ֙</w>
        <w>לְכַבּ֣וֹת</w>
        <w>אֶת־</w>
        <w>הָֽאַהֲבָ֔ה</w>
        <w>וּנְהָר֖וֹת</w>
        <w>לֹ֣א</w>
        <w>יִשְׁטְפ֑וּהָ</w>
        <w>אִם־</w>
        <w>יִתֵּ֨ן</w>
        <w>אִ֜ישׁ</w>
        <w>אֶת־</w>
        <w>כָּל־</w>
        <w>ה֤וֹן</w>
        <w>בֵּיתוֹ֙</w>
        <w>בָּאַהֲבָ֔ה</w>
        <w>בּ֖וֹז</w>
        <w>יָב֥וּזוּ</w>
        <w>לֽוֹ׃</w>
        <samekh/>
      </v>
      <v n="8">
        <w>אָח֥וֹת</w>
        <w>לָ֙נוּ֙</w>
        <w>קְטַנָּ֔ה</w>
        <w>וְשָׁדַ֖יִם</w>
        <w>אֵ֣ין</w>
        <w>לָ֑הּ</w>
        <w>מַֽה־</w>
        <w>נַּעֲשֶׂה֙</w>
        <w>לַאֲחֹתֵ֔נוּ</w>
        <w>בַּיּ֖וֹם</w>
        <w>שֶׁיְּדֻבַּר־</w>
        <w>בָּֽהּ׃</w>
      </v>
      <v n="9">
        <w>אִם־</w>
        <w>חוֹמָ֣ה</w>
        <w>הִ֔יא</w>
        <w>נִבְנֶ֥ה</w>
        <w>עָלֶ֖יהָ</w>
        <w>טִ֣ירַת</w>
        <w>כָּ֑סֶף</w>
        <w>וְאִם־</w>
        <w>דֶּ֣לֶת</w>
        <w>הִ֔יא</w>
        <w>נָצ֥וּר</w>
        <w>עָלֶ֖יהָ</w>
        <w>ל֥וּחַ</w>
        <w>אָֽרֶז׃</w>
      </v>
      <v n="10">
        <w>אֲנִ֣י</w>
        <w>חוֹמָ֔ה</w>
        <w>וְשָׁדַ֖י</w>
        <w>כַּמִּגְדָּל֑וֹת</w>
        <w>אָ֛ז</w>
        <w>הָיִ֥יתִי</w>
        <w>בְעֵינָ֖יו</w>
        <w>כְּמוֹצְאֵ֥ת</w>
        <w>שָׁלֽוֹם׃</w>
        <pe/>
      </v>
      <v n="11">
        <w>כֶּ֣רֶם</w>
        <w>הָיָ֤ה</w>
        <w>לִשְׁלֹמֹה֙</w>
        <w>בְּבַ֣עַל</w>
        <w>הָמ֔וֹן</w>
        <w>נָתַ֥ן</w>
        <w>אֶת־</w>
        <w>הַכֶּ֖רֶם</w>
        <w>לַנֹּטְרִ֑ים</w>
        <w>אִ֛ישׁ</w>
        <w>יָבִ֥א</w>
        <w>בְּפִרְי֖וֹ</w>
        <w>אֶ֥לֶף</w>
        <w>כָּֽסֶף׃</w>
      </v>
      <v n="12">
        <w>כַּרְמִ֥י<x>t</x>
</w>
        <w>שֶׁלִּ֖י</w>
        <w>לְפָנָ֑י</w>
        <w>הָאֶ֤לֶף</w>
        <w>לְךָ֙</w>
        <w>שְׁלֹמֹ֔ה</w>
        <w>וּמָאתַ֖יִם</w>
        <w>לְנֹטְרִ֥ים</w>
        <w>אֶת־</w>
        <w>פִּרְיֽוֹ׃</w>
      </v>
      <v n="13">
        <w>הַיוֹשֶׁ֣בֶת</w>
        <w>בַּגַּנִּ֗ים</w>
        <w>חֲבֵרִ֛ים</w>
        <w>מַקְשִׁיבִ֥ים</w>
        <w>לְקוֹלֵ֖ךְ</w>
        <w>הַשְׁמִיעִֽינִי׃</w>
      </v>
      <v n="14">
        <w>בְּרַ֣ח ׀</w>
        <w>דּוֹדִ֗י</w>
        <w>וּֽדְמֵה־</w>
        <w>לְךָ֤</w>
        <w>לִצְבִי֙</w>
        <w>א֚וֹ</w>
        <w>לְעֹ֣פֶר</w>
        <w>הָֽאַיָּלִ֔ים</w>
        <w>עַ֖ל</w>
        <w>הָרֵ֥י</w>
        <w>בְשָׂמִֽים׃</w>
      </v>
      <vs>14</vs>
    </c>
    <vs>117</vs>
    <cs>8</cs>
  </book>
</tanach>
<notes>
  <note>
    <code>4</code>
    <gccode>4</gccode>
    <note>Puncta extraordinaria -- an x05c4 is used to mark such marks in the text when they are above the line and an x05c5 when they are below the line. </note>
  </note>
  <note>
    <code>5</code>
    <gccode>5</gccode>
    <note>Large letter(s). Shown as large letters.</note>
  </note>
  <note>
    <code>6</code>
    <gccode>6</gccode>
    <note>Small letter(s). Shown as small letters.</note>
  </note>
  <note>
    <code>7</code>
    <gccode>7</gccode>
    <note>Suspended letter(s). Shown as suspended letters.</note>
  </note>
  <note>
    <code>8</code>
    <gccode>8</gccode>
    <note>Inverted nun in the text.</note>
  </note>
  <note>
    <code>c</code>
    <gccode>c</gccode>
    <note>Text is correct relative to LC. Usually this marks a peculiarity of the LC relative to the other Masoretic texts.</note>
  </note>
  <note>
    <code>d</code>
    <gccode>d</gccode>
    <note>This tipeha is a dehi in other texts.</note>
  </note>
  <note>
    <code>m</code>
    <gccode>m</gccode>
    <note>This meteg is a merkha in other texts.</note>
  </note>
  <note>
    <code>t</code>
    <gccode>t</gccode>
    <note>Transcription uncertain. Examine the LC image for other possible readings.</note>
  </note>
  <note>
    <code>X</code>
    <gccode>X</gccode>
    <note>This verse does NOT occur in the Leningrad Codex. Included for continuity of verse numbering.</note>
  </note>
</notes>
</Tanach>
