<?xml version="1.0" encoding="UTF-8"?>
<!-- Copyright C.V.Kimball 2013 -->
<Tanach>
<teiHeader>
<fileDesc>
<titleStmt>
<title level="s" type="uniform">Tanach</title>
<title level="s" type="uniformhebrew">תנ״ך</title>
<title level="s" type="main">Unicode/XML Leningrad Codex</title>
<title level="a" type="filename">TanachIndex</title>
</titleStmt>
<editionStmt>
<edition>Unicode/XML Leningrad Codex
<version>UXLC 2.1</version>
<date>1 Apr 2024</date>
<build>27.2</build>
<buildDateTime>31 Mar 2024  06:58</buildDateTime>
</edition>
<respStmt>
<resp>WLC2XML[21 Apr 2023] - Transcription from Michigan-Claremont encoding to Unicode with XML markings. See details in notes.</resp>
<resp>ScanReplace/EditWLC[30 Dec 2020] - Edits/removes transcription notes; removes MDs.</resp>
<resp>ScanReplace/InsertCGJs[29 Dec 2020] - Places CGJ in Jerusalem VUV words and leading metegs.</resp>
<resp>ScanReplace/YBYAH[29 Sep 2021] - Replaces 198 YBYs in Sifrei Emet with AHs.</resp>
<resp>Updater[15 Sep 2023] - Changes.xml file dated 2020.02.19 . </resp>
<resp>Updater[15 Sep 2023] - Changes.xml file dated 2020.10.19 . </resp>
<resp>Updater[15 Sep 2023] - Changes.xml file dated 2021.04.01 . </resp>
<resp>Updater[15 Sep 2023] - Changes.xml file dated 2021.10.19 . </resp>
<resp>Updater[15 Sep 2023] - Changes.xml file dated 2022.04.01 . </resp>
<resp>Updater[15 Sep 2023] - Changes.xml file dated 2022.07.04 . </resp>
<resp>Updater[15 Sep 2023] - Changes.xml file dated 2022.10.19 . </resp>
<resp>Updater[15 Sep 2023] - Changes.xml file dated 2022.12.07 . </resp>
<resp>Updater[15 Sep 2023] - Changes.xml file dated 2023.04.01 . </resp>
<resp>Updater[15 Sep 2023] - Changes.xml file dated 2023.07.04 . </resp>
<resp>Updater[15 Sep 2023] - Changes.xml file dated 2023.10.19 . </resp>
<resp>Updater[15 Sep 2023] - Changes.xml file dated 2024.04.01 . </resp>
</respStmt>
</editionStmt>
<notesStmt>
<note>From WLC 4.20 provided by the Groves Center.</note>
</notesStmt>
  <extent>32268</extent>
</fileDesc>
</teiHeader>
<tanach>
<book>
<names>
<name>Genesis</name>
<abbrev>Gen</abbrev>
<filename>Genesis</filename>
</names>
<c n="1">
<vs>31</vs>
</c>
<c n="2">
<vs>25</vs>
</c>
<c n="3">
<vs>24</vs>
</c>
<c n="4">
<vs>26</vs>
</c>
<c n="5">
<vs>32</vs>
</c>
<c n="6">
<vs>22</vs>
</c>
<c n="7">
<vs>24</vs>
</c>
<c n="8">
<vs>22</vs>
</c>
<c n="9">
<vs>29</vs>
</c>
<c n="10">
<vs>32</vs>
</c>
<c n="11">
<vs>32</vs>
</c>
<c n="12">
<vs>20</vs>
</c>
<c n="13">
<vs>18</vs>
</c>
<c n="14">
<vs>24</vs>
</c>
<c n="15">
<vs>21</vs>
</c>
<c n="16">
<vs>16</vs>
</c>
<c n="17">
<vs>27</vs>
</c>
<c n="18">
<vs>33</vs>
</c>
<c n="19">
<vs>38</vs>
</c>
<c n="20">
<vs>18</vs>
</c>
<c n="21">
<vs>34</vs>
</c>
<c n="22">
<vs>24</vs>
</c>
<c n="23">
<vs>20</vs>
</c>
<c n="24">
<vs>67</vs>
</c>
<c n="25">
<vs>34</vs>
</c>
<c n="26">
<vs>35</vs>
</c>
<c n="27">
<vs>46</vs>
</c>
<c n="28">
<vs>22</vs>
</c>
<c n="29">
<vs>35</vs>
</c>
<c n="30">
<vs>43</vs>
</c>
<c n="31">
<vs>54</vs>
</c>
<c n="32">
<vs>33</vs>
</c>
<c n="33">
<vs>20</vs>
</c>
<c n="34">
<vs>31</vs>
</c>
<c n="35">
<vs>29</vs>
</c>
<c n="36">
<vs>43</vs>
</c>
<c n="37">
<vs>36</vs>
</c>
<c n="38">
<vs>30</vs>
</c>
<c n="39">
<vs>23</vs>
</c>
<c n="40">
<vs>23</vs>
</c>
<c n="41">
<vs>57</vs>
</c>
<c n="42">
<vs>38</vs>
</c>
<c n="43">
<vs>34</vs>
</c>
<c n="44">
<vs>34</vs>
</c>
<c n="45">
<vs>28</vs>
</c>
<c n="46">
<vs>34</vs>
</c>
<c n="47">
<vs>31</vs>
</c>
<c n="48">
<vs>22</vs>
</c>
<c n="49">
<vs>33</vs>
</c>
<c n="50">
<vs>26</vs>
</c>
<cs>50</cs>
</book>
<book>
<names>
<name>Exodus</name>
<abbrev>Ex</abbrev>
<filename>Exodus</filename>
</names>
<c n="1">
<vs>22</vs>
</c>
<c n="2">
<vs>25</vs>
</c>
<c n="3">
<vs>22</vs>
</c>
<c n="4">
<vs>31</vs>
</c>
<c n="5">
<vs>23</vs>
</c>
<c n="6">
<vs>30</vs>
</c>
<c n="7">
<vs>29</vs>
</c>
<c n="8">
<vs>28</vs>
</c>
<c n="9">
<vs>35</vs>
</c>
<c n="10">
<vs>29</vs>
</c>
<c n="11">
<vs>10</vs>
</c>
<c n="12">
<vs>51</vs>
</c>
<c n="13">
<vs>22</vs>
</c>
<c n="14">
<vs>31</vs>
</c>
<c n="15">
<vs>27</vs>
</c>
<c n="16">
<vs>36</vs>
</c>
<c n="17">
<vs>16</vs>
</c>
<c n="18">
<vs>27</vs>
</c>
<c n="19">
<vs>25</vs>
</c>
<c n="20">
<vs>26</vs>
</c>
<c n="21">
<vs>37</vs>
</c>
<c n="22">
<vs>30</vs>
</c>
<c n="23">
<vs>33</vs>
</c>
<c n="24">
<vs>18</vs>
</c>
<c n="25">
<vs>40</vs>
</c>
<c n="26">
<vs>37</vs>
</c>
<c n="27">
<vs>21</vs>
</c>
<c n="28">
<vs>43</vs>
</c>
<c n="29">
<vs>46</vs>
</c>
<c n="30">
<vs>38</vs>
</c>
<c n="31">
<vs>18</vs>
</c>
<c n="32">
<vs>35</vs>
</c>
<c n="33">
<vs>23</vs>
</c>
<c n="34">
<vs>35</vs>
</c>
<c n="35">
<vs>35</vs>
</c>
<c n="36">
<vs>38</vs>
</c>
<c n="37">
<vs>29</vs>
</c>
<c n="38">
<vs>31</vs>
</c>
<c n="39">
<vs>43</vs>
</c>
<c n="40">
<vs>38</vs>
</c>
<cs>40</cs>
</book>
<book>
<names>
<name>Leviticus</name>
<abbrev>Lev</abbrev>
<filename>Leviticus</filename>
</names>
<c n="1">
<vs>17</vs>
</c>
<c n="2">
<vs>16</vs>
</c>
<c n="3">
<vs>17</vs>
</c>
<c n="4">
<vs>35</vs>
</c>
<c n="5">
<vs>26</vs>
</c>
<c n="6">
<vs>23</vs>
</c>
<c n="7">
<vs>38</vs>
</c>
<c n="8">
<vs>36</vs>
</c>
<c n="9">
<vs>24</vs>
</c>
<c n="10">
<vs>20</vs>
</c>
<c n="11">
<vs>47</vs>
</c>
<c n="12">
<vs>8</vs>
</c>
<c n="13">
<vs>59</vs>
</c>
<c n="14">
<vs>57</vs>
</c>
<c n="15">
<vs>33</vs>
</c>
<c n="16">
<vs>34</vs>
</c>
<c n="17">
<vs>16</vs>
</c>
<c n="18">
<vs>30</vs>
</c>
<c n="19">
<vs>37</vs>
</c>
<c n="20">
<vs>27</vs>
</c>
<c n="21">
<vs>24</vs>
</c>
<c n="22">
<vs>33</vs>
</c>
<c n="23">
<vs>44</vs>
</c>
<c n="24">
<vs>23</vs>
</c>
<c n="25">
<vs>55</vs>
</c>
<c n="26">
<vs>46</vs>
</c>
<c n="27">
<vs>34</vs>
</c>
<cs>27</cs>
</book>
<book>
<names>
<name>Numbers</name>
<abbrev>Num</abbrev>
<filename>Numbers</filename>
</names>
<c n="1">
<vs>54</vs>
</c>
<c n="2">
<vs>34</vs>
</c>
<c n="3">
<vs>51</vs>
</c>
<c n="4">
<vs>49</vs>
</c>
<c n="5">
<vs>31</vs>
</c>
<c n="6">
<vs>27</vs>
</c>
<c n="7">
<vs>89</vs>
</c>
<c n="8">
<vs>26</vs>
</c>
<c n="9">
<vs>23</vs>
</c>
<c n="10">
<vs>36</vs>
</c>
<c n="11">
<vs>35</vs>
</c>
<c n="12">
<vs>16</vs>
</c>
<c n="13">
<vs>33</vs>
</c>
<c n="14">
<vs>45</vs>
</c>
<c n="15">
<vs>41</vs>
</c>
<c n="16">
<vs>35</vs>
</c>
<c n="17">
<vs>28</vs>
</c>
<c n="18">
<vs>32</vs>
</c>
<c n="19">
<vs>22</vs>
</c>
<c n="20">
<vs>29</vs>
</c>
<c n="21">
<vs>35</vs>
</c>
<c n="22">
<vs>41</vs>
</c>
<c n="23">
<vs>30</vs>
</c>
<c n="24">
<vs>25</vs>
</c>
<c n="25">
<vs>19</vs>
</c>
<c n="26">
<vs>65</vs>
</c>
<c n="27">
<vs>23</vs>
</c>
<c n="28">
<vs>31</vs>
</c>
<c n="29">
<vs>39</vs>
</c>
<c n="30">
<vs>17</vs>
</c>
<c n="31">
<vs>54</vs>
</c>
<c n="32">
<vs>42</vs>
</c>
<c n="33">
<vs>56</vs>
</c>
<c n="34">
<vs>29</vs>
</c>
<c n="35">
<vs>34</vs>
</c>
<c n="36">
<vs>13</vs>
</c>
<cs>36</cs>
</book>
<book>
<names>
<name>Deuteronomy</name>
<abbrev>Deut</abbrev>
<filename>Deuteronomy</filename>
</names>
<c n="1">
<vs>46</vs>
</c>
<c n="2">
<vs>37</vs>
</c>
<c n="3">
<vs>29</vs>
</c>
<c n="4">
<vs>49</vs>
</c>
<c n="5">
<vs>33</vs>
</c>
<c n="6">
<vs>25</vs>
</c>
<c n="7">
<vs>26</vs>
</c>
<c n="8">
<vs>20</vs>
</c>
<c n="9">
<vs>29</vs>
</c>
<c n="10">
<vs>22</vs>
</c>
<c n="11">
<vs>32</vs>
</c>
<c n="12">
<vs>31</vs>
</c>
<c n="13">
<vs>19</vs>
</c>
<c n="14">
<vs>29</vs>
</c>
<c n="15">
<vs>23</vs>
</c>
<c n="16">
<vs>22</vs>
</c>
<c n="17">
<vs>20</vs>
</c>
<c n="18">
<vs>22</vs>
</c>
<c n="19">
<vs>21</vs>
</c>
<c n="20">
<vs>20</vs>
</c>
<c n="21">
<vs>23</vs>
</c>
<c n="22">
<vs>29</vs>
</c>
<c n="23">
<vs>26</vs>
</c>
<c n="24">
<vs>22</vs>
</c>
<c n="25">
<vs>19</vs>
</c>
<c n="26">
<vs>19</vs>
</c>
<c n="27">
<vs>26</vs>
</c>
<c n="28">
<vs>69</vs>
</c>
<c n="29">
<vs>28</vs>
</c>
<c n="30">
<vs>20</vs>
</c>
<c n="31">
<vs>30</vs>
</c>
<c n="32">
<vs>52</vs>
</c>
<c n="33">
<vs>29</vs>
</c>
<c n="34">
<vs>12</vs>
</c>
<cs>34</cs>
</book>
<book>
<names>
<name>Joshua</name>
<abbrev>Josh</abbrev>
<filename>Joshua</filename>
</names>
<c n="1">
<vs>18</vs>
</c>
<c n="2">
<vs>24</vs>
</c>
<c n="3">
<vs>17</vs>
</c>
<c n="4">
<vs>24</vs>
</c>
<c n="5">
<vs>15</vs>
</c>
<c n="6">
<vs>27</vs>
</c>
<c n="7">
<vs>26</vs>
</c>
<c n="8">
<vs>35</vs>
</c>
<c n="9">
<vs>27</vs>
</c>
<c n="10">
<vs>43</vs>
</c>
<c n="11">
<vs>23</vs>
</c>
<c n="12">
<vs>24</vs>
</c>
<c n="13">
<vs>33</vs>
</c>
<c n="14">
<vs>15</vs>
</c>
<c n="15">
<vs>63</vs>
</c>
<c n="16">
<vs>10</vs>
</c>
<c n="17">
<vs>18</vs>
</c>
<c n="18">
<vs>28</vs>
</c>
<c n="19">
<vs>51</vs>
</c>
<c n="20">
<vs>9</vs>
</c>
<c n="21">
<vs>45</vs>
</c>
<c n="22">
<vs>34</vs>
</c>
<c n="23">
<vs>16</vs>
</c>
<c n="24">
<vs>33</vs>
</c>
<cs>24</cs>
</book>
<book>
<names>
<name>Judges</name>
<abbrev>Judg</abbrev>
<filename>Judges</filename>
</names>
<c n="1">
<vs>36</vs>
</c>
<c n="2">
<vs>23</vs>
</c>
<c n="3">
<vs>31</vs>
</c>
<c n="4">
<vs>24</vs>
</c>
<c n="5">
<vs>31</vs>
</c>
<c n="6">
<vs>40</vs>
</c>
<c n="7">
<vs>25</vs>
</c>
<c n="8">
<vs>35</vs>
</c>
<c n="9">
<vs>57</vs>
</c>
<c n="10">
<vs>18</vs>
</c>
<c n="11">
<vs>40</vs>
</c>
<c n="12">
<vs>15</vs>
</c>
<c n="13">
<vs>25</vs>
</c>
<c n="14">
<vs>20</vs>
</c>
<c n="15">
<vs>20</vs>
</c>
<c n="16">
<vs>31</vs>
</c>
<c n="17">
<vs>13</vs>
</c>
<c n="18">
<vs>31</vs>
</c>
<c n="19">
<vs>30</vs>
</c>
<c n="20">
<vs>48</vs>
</c>
<c n="21">
<vs>25</vs>
</c>
<cs>21</cs>
</book>
<book>
<names>
<name>1 Samuel</name>
<abbrev>1 Sam</abbrev>
<filename>Samuel_1</filename>
</names>
<c n="1">
<vs>28</vs>
</c>
<c n="2">
<vs>36</vs>
</c>
<c n="3">
<vs>21</vs>
</c>
<c n="4">
<vs>22</vs>
</c>
<c n="5">
<vs>12</vs>
</c>
<c n="6">
<vs>21</vs>
</c>
<c n="7">
<vs>17</vs>
</c>
<c n="8">
<vs>22</vs>
</c>
<c n="9">
<vs>27</vs>
</c>
<c n="10">
<vs>27</vs>
</c>
<c n="11">
<vs>15</vs>
</c>
<c n="12">
<vs>25</vs>
</c>
<c n="13">
<vs>23</vs>
</c>
<c n="14">
<vs>52</vs>
</c>
<c n="15">
<vs>35</vs>
</c>
<c n="16">
<vs>23</vs>
</c>
<c n="17">
<vs>58</vs>
</c>
<c n="18">
<vs>30</vs>
</c>
<c n="19">
<vs>24</vs>
</c>
<c n="20">
<vs>42</vs>
</c>
<c n="21">
<vs>16</vs>
</c>
<c n="22">
<vs>23</vs>
</c>
<c n="23">
<vs>28</vs>
</c>
<c n="24">
<vs>23</vs>
</c>
<c n="25">
<vs>44</vs>
</c>
<c n="26">
<vs>25</vs>
</c>
<c n="27">
<vs>12</vs>
</c>
<c n="28">
<vs>25</vs>
</c>
<c n="29">
<vs>11</vs>
</c>
<c n="30">
<vs>31</vs>
</c>
<c n="31">
<vs>13</vs>
</c>
<cs>31</cs>
</book>
<book>
<names>
<name>2 Samuel</name>
<abbrev>2 Sam</abbrev>
<filename>Samuel_2</filename>
</names>
<c n="1">
<vs>27</vs>
</c>
<c n="2">
<vs>32</vs>
</c>
<c n="3">
<vs>39</vs>
</c>
<c n="4">
<vs>12</vs>
</c>
<c n="5">
<vs>25</vs>
</c>
<c n="6">
<vs>23</vs>
</c>
<c n="7">
<vs>29</vs>
</c>
<c n="8">
<vs>18</vs>
</c>
<c n="9">
<vs>13</vs>
</c>
<c n="10">
<vs>19</vs>
</c>
<c n="11">
<vs>27</vs>
</c>
<c n="12">
<vs>31</vs>
</c>
<c n="13">
<vs>39</vs>
</c>
<c n="14">
<vs>33</vs>
</c>
<c n="15">
<vs>37</vs>
</c>
<c n="16">
<vs>23</vs>
</c>
<c n="17">
<vs>29</vs>
</c>
<c n="18">
<vs>32</vs>
</c>
<c n="19">
<vs>44</vs>
</c>
<c n="20">
<vs>26</vs>
</c>
<c n="21">
<vs>22</vs>
</c>
<c n="22">
<vs>51</vs>
</c>
<c n="23">
<vs>39</vs>
</c>
<c n="24">
<vs>25</vs>
</c>
<cs>24</cs>
</book>
<book>
<names>
<name>1 Kings</name>
<abbrev>1 Kings</abbrev>
<filename>Kings_1</filename>
</names>
<c n="1">
<vs>53</vs>
</c>
<c n="2">
<vs>46</vs>
</c>
<c n="3">
<vs>28</vs>
</c>
<c n="4">
<vs>20</vs>
</c>
<c n="5">
<vs>32</vs>
</c>
<c n="6">
<vs>38</vs>
</c>
<c n="7">
<vs>51</vs>
</c>
<c n="8">
<vs>66</vs>
</c>
<c n="9">
<vs>28</vs>
</c>
<c n="10">
<vs>29</vs>
</c>
<c n="11">
<vs>43</vs>
</c>
<c n="12">
<vs>33</vs>
</c>
<c n="13">
<vs>34</vs>
</c>
<c n="14">
<vs>31</vs>
</c>
<c n="15">
<vs>34</vs>
</c>
<c n="16">
<vs>34</vs>
</c>
<c n="17">
<vs>24</vs>
</c>
<c n="18">
<vs>46</vs>
</c>
<c n="19">
<vs>21</vs>
</c>
<c n="20">
<vs>43</vs>
</c>
<c n="21">
<vs>29</vs>
</c>
<c n="22">
<vs>54</vs>
</c>
<cs>22</cs>
</book>
<book>
<names>
<name>2 Kings</name>
<abbrev>2 Kings</abbrev>
<filename>Kings_2</filename>
</names>
<c n="1">
<vs>18</vs>
</c>
<c n="2">
<vs>25</vs>
</c>
<c n="3">
<vs>27</vs>
</c>
<c n="4">
<vs>44</vs>
</c>
<c n="5">
<vs>27</vs>
</c>
<c n="6">
<vs>33</vs>
</c>
<c n="7">
<vs>20</vs>
</c>
<c n="8">
<vs>29</vs>
</c>
<c n="9">
<vs>37</vs>
</c>
<c n="10">
<vs>36</vs>
</c>
<c n="11">
<vs>20</vs>
</c>
<c n="12">
<vs>22</vs>
</c>
<c n="13">
<vs>25</vs>
</c>
<c n="14">
<vs>29</vs>
</c>
<c n="15">
<vs>38</vs>
</c>
<c n="16">
<vs>20</vs>
</c>
<c n="17">
<vs>41</vs>
</c>
<c n="18">
<vs>37</vs>
</c>
<c n="19">
<vs>37</vs>
</c>
<c n="20">
<vs>21</vs>
</c>
<c n="21">
<vs>26</vs>
</c>
<c n="22">
<vs>20</vs>
</c>
<c n="23">
<vs>37</vs>
</c>
<c n="24">
<vs>20</vs>
</c>
<c n="25">
<vs>30</vs>
</c>
<cs>25</cs>
</book>
<book>
<names>
<name>Isaiah</name>
<abbrev>Isa</abbrev>
<filename>Isaiah</filename>
</names>
<c n="1">
<vs>31</vs>
</c>
<c n="2">
<vs>22</vs>
</c>
<c n="3">
<vs>26</vs>
</c>
<c n="4">
<vs>6</vs>
</c>
<c n="5">
<vs>30</vs>
</c>
<c n="6">
<vs>13</vs>
</c>
<c n="7">
<vs>25</vs>
</c>
<c n="8">
<vs>23</vs>
</c>
<c n="9">
<vs>20</vs>
</c>
<c n="10">
<vs>34</vs>
</c>
<c n="11">
<vs>16</vs>
</c>
<c n="12">
<vs>6</vs>
</c>
<c n="13">
<vs>22</vs>
</c>
<c n="14">
<vs>32</vs>
</c>
<c n="15">
<vs>9</vs>
</c>
<c n="16">
<vs>14</vs>
</c>
<c n="17">
<vs>14</vs>
</c>
<c n="18">
<vs>7</vs>
</c>
<c n="19">
<vs>25</vs>
</c>
<c n="20">
<vs>6</vs>
</c>
<c n="21">
<vs>17</vs>
</c>
<c n="22">
<vs>25</vs>
</c>
<c n="23">
<vs>18</vs>
</c>
<c n="24">
<vs>23</vs>
</c>
<c n="25">
<vs>12</vs>
</c>
<c n="26">
<vs>21</vs>
</c>
<c n="27">
<vs>13</vs>
</c>
<c n="28">
<vs>29</vs>
</c>
<c n="29">
<vs>24</vs>
</c>
<c n="30">
<vs>33</vs>
</c>
<c n="31">
<vs>9</vs>
</c>
<c n="32">
<vs>20</vs>
</c>
<c n="33">
<vs>24</vs>
</c>
<c n="34">
<vs>17</vs>
</c>
<c n="35">
<vs>10</vs>
</c>
<c n="36">
<vs>22</vs>
</c>
<c n="37">
<vs>38</vs>
</c>
<c n="38">
<vs>22</vs>
</c>
<c n="39">
<vs>8</vs>
</c>
<c n="40">
<vs>31</vs>
</c>
<c n="41">
<vs>29</vs>
</c>
<c n="42">
<vs>25</vs>
</c>
<c n="43">
<vs>28</vs>
</c>
<c n="44">
<vs>28</vs>
</c>
<c n="45">
<vs>25</vs>
</c>
<c n="46">
<vs>13</vs>
</c>
<c n="47">
<vs>15</vs>
</c>
<c n="48">
<vs>22</vs>
</c>
<c n="49">
<vs>26</vs>
</c>
<c n="50">
<vs>11</vs>
</c>
<c n="51">
<vs>23</vs>
</c>
<c n="52">
<vs>15</vs>
</c>
<c n="53">
<vs>12</vs>
</c>
<c n="54">
<vs>17</vs>
</c>
<c n="55">
<vs>13</vs>
</c>
<c n="56">
<vs>12</vs>
</c>
<c n="57">
<vs>21</vs>
</c>
<c n="58">
<vs>14</vs>
</c>
<c n="59">
<vs>21</vs>
</c>
<c n="60">
<vs>22</vs>
</c>
<c n="61">
<vs>11</vs>
</c>
<c n="62">
<vs>12</vs>
</c>
<c n="63">
<vs>19</vs>
</c>
<c n="64">
<vs>11</vs>
</c>
<c n="65">
<vs>25</vs>
</c>
<c n="66">
<vs>24</vs>
</c>
<cs>66</cs>
</book>
<book>
<names>
<name>Jeremiah</name>
<abbrev>Jer</abbrev>
<filename>Jeremiah</filename>
</names>
<c n="1">
<vs>19</vs>
</c>
<c n="2">
<vs>37</vs>
</c>
<c n="3">
<vs>25</vs>
</c>
<c n="4">
<vs>31</vs>
</c>
<c n="5">
<vs>31</vs>
</c>
<c n="6">
<vs>30</vs>
</c>
<c n="7">
<vs>34</vs>
</c>
<c n="8">
<vs>23</vs>
</c>
<c n="9">
<vs>25</vs>
</c>
<c n="10">
<vs>25</vs>
</c>
<c n="11">
<vs>23</vs>
</c>
<c n="12">
<vs>17</vs>
</c>
<c n="13">
<vs>27</vs>
</c>
<c n="14">
<vs>22</vs>
</c>
<c n="15">
<vs>21</vs>
</c>
<c n="16">
<vs>21</vs>
</c>
<c n="17">
<vs>27</vs>
</c>
<c n="18">
<vs>23</vs>
</c>
<c n="19">
<vs>15</vs>
</c>
<c n="20">
<vs>18</vs>
</c>
<c n="21">
<vs>14</vs>
</c>
<c n="22">
<vs>30</vs>
</c>
<c n="23">
<vs>40</vs>
</c>
<c n="24">
<vs>10</vs>
</c>
<c n="25">
<vs>38</vs>
</c>
<c n="26">
<vs>24</vs>
</c>
<c n="27">
<vs>22</vs>
</c>
<c n="28">
<vs>17</vs>
</c>
<c n="29">
<vs>32</vs>
</c>
<c n="30">
<vs>24</vs>
</c>
<c n="31">
<vs>40</vs>
</c>
<c n="32">
<vs>44</vs>
</c>
<c n="33">
<vs>26</vs>
</c>
<c n="34">
<vs>22</vs>
</c>
<c n="35">
<vs>19</vs>
</c>
<c n="36">
<vs>32</vs>
</c>
<c n="37">
<vs>21</vs>
</c>
<c n="38">
<vs>28</vs>
</c>
<c n="39">
<vs>18</vs>
</c>
<c n="40">
<vs>16</vs>
</c>
<c n="41">
<vs>18</vs>
</c>
<c n="42">
<vs>22</vs>
</c>
<c n="43">
<vs>13</vs>
</c>
<c n="44">
<vs>30</vs>
</c>
<c n="45">
<vs>5</vs>
</c>
<c n="46">
<vs>28</vs>
</c>
<c n="47">
<vs>7</vs>
</c>
<c n="48">
<vs>47</vs>
</c>
<c n="49">
<vs>39</vs>
</c>
<c n="50">
<vs>46</vs>
</c>
<c n="51">
<vs>64</vs>
</c>
<c n="52">
<vs>34</vs>
</c>
<cs>52</cs>
</book>
<book>
<names>
<name>Ezekiel</name>
<abbrev>Ezek</abbrev>
<filename>Ezekiel</filename>
</names>
<c n="1">
<vs>28</vs>
</c>
<c n="2">
<vs>10</vs>
</c>
<c n="3">
<vs>27</vs>
</c>
<c n="4">
<vs>17</vs>
</c>
<c n="5">
<vs>17</vs>
</c>
<c n="6">
<vs>14</vs>
</c>
<c n="7">
<vs>27</vs>
</c>
<c n="8">
<vs>18</vs>
</c>
<c n="9">
<vs>11</vs>
</c>
<c n="10">
<vs>22</vs>
</c>
<c n="11">
<vs>25</vs>
</c>
<c n="12">
<vs>28</vs>
</c>
<c n="13">
<vs>23</vs>
</c>
<c n="14">
<vs>23</vs>
</c>
<c n="15">
<vs>8</vs>
</c>
<c n="16">
<vs>63</vs>
</c>
<c n="17">
<vs>24</vs>
</c>
<c n="18">
<vs>32</vs>
</c>
<c n="19">
<vs>14</vs>
</c>
<c n="20">
<vs>44</vs>
</c>
<c n="21">
<vs>37</vs>
</c>
<c n="22">
<vs>31</vs>
</c>
<c n="23">
<vs>49</vs>
</c>
<c n="24">
<vs>27</vs>
</c>
<c n="25">
<vs>17</vs>
</c>
<c n="26">
<vs>21</vs>
</c>
<c n="27">
<vs>36</vs>
</c>
<c n="28">
<vs>26</vs>
</c>
<c n="29">
<vs>21</vs>
</c>
<c n="30">
<vs>26</vs>
</c>
<c n="31">
<vs>18</vs>
</c>
<c n="32">
<vs>32</vs>
</c>
<c n="33">
<vs>33</vs>
</c>
<c n="34">
<vs>31</vs>
</c>
<c n="35">
<vs>15</vs>
</c>
<c n="36">
<vs>38</vs>
</c>
<c n="37">
<vs>28</vs>
</c>
<c n="38">
<vs>23</vs>
</c>
<c n="39">
<vs>29</vs>
</c>
<c n="40">
<vs>49</vs>
</c>
<c n="41">
<vs>26</vs>
</c>
<c n="42">
<vs>20</vs>
</c>
<c n="43">
<vs>27</vs>
</c>
<c n="44">
<vs>31</vs>
</c>
<c n="45">
<vs>25</vs>
</c>
<c n="46">
<vs>24</vs>
</c>
<c n="47">
<vs>23</vs>
</c>
<c n="48">
<vs>35</vs>
</c>
<cs>48</cs>
</book>
<book>
<names>
<name>Hosea</name>
<abbrev>Hos</abbrev>
<filename>Hosea</filename>
</names>
<c n="1">
<vs>9</vs>
</c>
<c n="2">
<vs>25</vs>
</c>
<c n="3">
<vs>5</vs>
</c>
<c n="4">
<vs>19</vs>
</c>
<c n="5">
<vs>15</vs>
</c>
<c n="6">
<vs>11</vs>
</c>
<c n="7">
<vs>16</vs>
</c>
<c n="8">
<vs>14</vs>
</c>
<c n="9">
<vs>17</vs>
</c>
<c n="10">
<vs>15</vs>
</c>
<c n="11">
<vs>11</vs>
</c>
<c n="12">
<vs>15</vs>
</c>
<c n="13">
<vs>15</vs>
</c>
<c n="14">
<vs>10</vs>
</c>
<cs>14</cs>
</book>
<book>
<names>
<name>Joel</name>
<abbrev>Joel</abbrev>
<filename>Joel</filename>
</names>
<c n="1">
<vs>20</vs>
</c>
<c n="2">
<vs>27</vs>
</c>
<c n="3">
<vs>5</vs>
</c>
<c n="4">
<vs>21</vs>
</c>
<cs>4</cs>
</book>
<book>
<names>
<name>Amos</name>
<abbrev>Am</abbrev>
<filename>Amos</filename>
</names>
<c n="1">
<vs>15</vs>
</c>
<c n="2">
<vs>16</vs>
</c>
<c n="3">
<vs>15</vs>
</c>
<c n="4">
<vs>13</vs>
</c>
<c n="5">
<vs>27</vs>
</c>
<c n="6">
<vs>14</vs>
</c>
<c n="7">
<vs>17</vs>
</c>
<c n="8">
<vs>14</vs>
</c>
<c n="9">
<vs>15</vs>
</c>
<cs>9</cs>
</book>
<book>
<names>
<name>Obadiah</name>
<abbrev>Ob</abbrev>
<filename>Obadiah</filename>
</names>
<c n="1">
<vs>21</vs>
</c>
<cs>1</cs>
</book>
<book>
<names>
<name>Jonah</name>
<abbrev>Jon</abbrev>
<filename>Jonah</filename>
</names>
<c n="1">
<vs>16</vs>
</c>
<c n="2">
<vs>11</vs>
</c>
<c n="3">
<vs>10</vs>
</c>
<c n="4">
<vs>11</vs>
</c>
<cs>4</cs>
</book>
<book>
<names>
<name>Micah</name>
<abbrev>Mic</abbrev>
<filename>Micah</filename>
</names>
<c n="1">
<vs>16</vs>
</c>
<c n="2">
<vs>13</vs>
</c>
<c n="3">
<vs>12</vs>
</c>
<c n="4">
<vs>14</vs>
</c>
<c n="5">
<vs>14</vs>
</c>
<c n="6">
<vs>16</vs>
</c>
<c n="7">
<vs>20</vs>
</c>
<cs>7</cs>
</book>
<book>
<names>
<name>Nahum</name>
<abbrev>Nah</abbrev>
<filename>Nahum</filename>
</names>
<c n="1">
<vs>14</vs>
</c>
<c n="2">
<vs>14</vs>
</c>
<c n="3">
<vs>19</vs>
</c>
<cs>3</cs>
</book>
<book>
<names>
<name>Habakkuk</name>
<abbrev>Hab</abbrev>
<filename>Habakkuk</filename>
</names>
<c n="1">
<vs>17</vs>
</c>
<c n="2">
<vs>20</vs>
</c>
<c n="3">
<vs>19</vs>
</c>
<cs>3</cs>
</book>
<book>
<names>
<name>Zephaniah</name>
<abbrev>Zeph</abbrev>
<filename>Zephaniah</filename>
</names>
<c n="1">
<vs>18</vs>
</c>
<c n="2">
<vs>15</vs>
</c>
<c n="3">
<vs>20</vs>
</c>
<cs>3</cs>
</book>
<book>
<names>
<name>Haggai</name>
<abbrev>Hag</abbrev>
<filename>Haggai</filename>
</names>
<c n="1">
<vs>15</vs>
</c>
<c n="2">
<vs>23</vs>
</c>
<cs>2</cs>
</book>
<book>
<names>
<name>Zechariah</name>
<abbrev>Zech</abbrev>
<filename>Zechariah</filename>
</names>
<c n="1">
<vs>17</vs>
</c>
<c n="2">
<vs>17</vs>
</c>
<c n="3">
<vs>10</vs>
</c>
<c n="4">
<vs>14</vs>
</c>
<c n="5">
<vs>11</vs>
</c>
<c n="6">
<vs>15</vs>
</c>
<c n="7">
<vs>14</vs>
</c>
<c n="8">
<vs>23</vs>
</c>
<c n="9">
<vs>17</vs>
</c>
<c n="10">
<vs>12</vs>
</c>
<c n="11">
<vs>17</vs>
</c>
<c n="12">
<vs>14</vs>
</c>
<c n="13">
<vs>9</vs>
</c>
<c n="14">
<vs>21</vs>
</c>
<cs>14</cs>
</book>
<book>
<names>
<name>Malachi</name>
<abbrev>Mal</abbrev>
<filename>Malachi</filename>
</names>
<c n="1">
<vs>14</vs>
</c>
<c n="2">
<vs>17</vs>
</c>
<c n="3">
<vs>24</vs>
</c>
<cs>3</cs>
</book>
<book>
<names>
<name>1 Chronicles</name>
<abbrev>1 Chr</abbrev>
<filename>Chronicles_1</filename>
</names>
<c n="1">
<vs>54</vs>
</c>
<c n="2">
<vs>55</vs>
</c>
<c n="3">
<vs>24</vs>
</c>
<c n="4">
<vs>43</vs>
</c>
<c n="5">
<vs>41</vs>
</c>
<c n="6">
<vs>66</vs>
</c>
<c n="7">
<vs>40</vs>
</c>
<c n="8">
<vs>40</vs>
</c>
<c n="9">
<vs>44</vs>
</c>
<c n="10">
<vs>14</vs>
</c>
<c n="11">
<vs>47</vs>
</c>
<c n="12">
<vs>41</vs>
</c>
<c n="13">
<vs>14</vs>
</c>
<c n="14">
<vs>17</vs>
</c>
<c n="15">
<vs>29</vs>
</c>
<c n="16">
<vs>43</vs>
</c>
<c n="17">
<vs>27</vs>
</c>
<c n="18">
<vs>17</vs>
</c>
<c n="19">
<vs>19</vs>
</c>
<c n="20">
<vs>8</vs>
</c>
<c n="21">
<vs>30</vs>
</c>
<c n="22">
<vs>19</vs>
</c>
<c n="23">
<vs>32</vs>
</c>
<c n="24">
<vs>31</vs>
</c>
<c n="25">
<vs>31</vs>
</c>
<c n="26">
<vs>32</vs>
</c>
<c n="27">
<vs>34</vs>
</c>
<c n="28">
<vs>21</vs>
</c>
<c n="29">
<vs>30</vs>
</c>
<cs>29</cs>
</book>
<book>
<names>
<name>2 Chronicles</name>
<abbrev>2 Chr</abbrev>
<filename>Chronicles_2</filename>
</names>
<c n="1">
<vs>18</vs>
</c>
<c n="2">
<vs>17</vs>
</c>
<c n="3">
<vs>17</vs>
</c>
<c n="4">
<vs>22</vs>
</c>
<c n="5">
<vs>14</vs>
</c>
<c n="6">
<vs>42</vs>
</c>
<c n="7">
<vs>22</vs>
</c>
<c n="8">
<vs>18</vs>
</c>
<c n="9">
<vs>31</vs>
</c>
<c n="10">
<vs>19</vs>
</c>
<c n="11">
<vs>23</vs>
</c>
<c n="12">
<vs>16</vs>
</c>
<c n="13">
<vs>23</vs>
</c>
<c n="14">
<vs>14</vs>
</c>
<c n="15">
<vs>19</vs>
</c>
<c n="16">
<vs>14</vs>
</c>
<c n="17">
<vs>19</vs>
</c>
<c n="18">
<vs>34</vs>
</c>
<c n="19">
<vs>11</vs>
</c>
<c n="20">
<vs>37</vs>
</c>
<c n="21">
<vs>20</vs>
</c>
<c n="22">
<vs>12</vs>
</c>
<c n="23">
<vs>21</vs>
</c>
<c n="24">
<vs>27</vs>
</c>
<c n="25">
<vs>28</vs>
</c>
<c n="26">
<vs>23</vs>
</c>
<c n="27">
<vs>9</vs>
</c>
<c n="28">
<vs>27</vs>
</c>
<c n="29">
<vs>36</vs>
</c>
<c n="30">
<vs>27</vs>
</c>
<c n="31">
<vs>21</vs>
</c>
<c n="32">
<vs>33</vs>
</c>
<c n="33">
<vs>25</vs>
</c>
<c n="34">
<vs>33</vs>
</c>
<c n="35">
<vs>27</vs>
</c>
<c n="36">
<vs>23</vs>
</c>
<cs>36</cs>
</book>
<book>
<names>
<name>Psalms</name>
<abbrev>Ps</abbrev>
<filename>Psalms</filename>
</names>
<c n="1">
<vs>6</vs>
</c>
<c n="2">
<vs>12</vs>
</c>
<c n="3">
<vs>9</vs>
</c>
<c n="4">
<vs>9</vs>
</c>
<c n="5">
<vs>13</vs>
</c>
<c n="6">
<vs>11</vs>
</c>
<c n="7">
<vs>18</vs>
</c>
<c n="8">
<vs>10</vs>
</c>
<c n="9">
<vs>21</vs>
</c>
<c n="10">
<vs>18</vs>
</c>
<c n="11">
<vs>7</vs>
</c>
<c n="12">
<vs>9</vs>
</c>
<c n="13">
<vs>6</vs>
</c>
<c n="14">
<vs>7</vs>
</c>
<c n="15">
<vs>5</vs>
</c>
<c n="16">
<vs>11</vs>
</c>
<c n="17">
<vs>15</vs>
</c>
<c n="18">
<vs>51</vs>
</c>
<c n="19">
<vs>15</vs>
</c>
<c n="20">
<vs>10</vs>
</c>
<c n="21">
<vs>14</vs>
</c>
<c n="22">
<vs>32</vs>
</c>
<c n="23">
<vs>6</vs>
</c>
<c n="24">
<vs>10</vs>
</c>
<c n="25">
<vs>22</vs>
</c>
<c n="26">
<vs>12</vs>
</c>
<c n="27">
<vs>14</vs>
</c>
<c n="28">
<vs>9</vs>
</c>
<c n="29">
<vs>11</vs>
</c>
<c n="30">
<vs>13</vs>
</c>
<c n="31">
<vs>25</vs>
</c>
<c n="32">
<vs>11</vs>
</c>
<c n="33">
<vs>22</vs>
</c>
<c n="34">
<vs>23</vs>
</c>
<c n="35">
<vs>28</vs>
</c>
<c n="36">
<vs>13</vs>
</c>
<c n="37">
<vs>40</vs>
</c>
<c n="38">
<vs>23</vs>
</c>
<c n="39">
<vs>14</vs>
</c>
<c n="40">
<vs>18</vs>
</c>
<c n="41">
<vs>14</vs>
</c>
<c n="42">
<vs>12</vs>
</c>
<c n="43">
<vs>5</vs>
</c>
<c n="44">
<vs>27</vs>
</c>
<c n="45">
<vs>18</vs>
</c>
<c n="46">
<vs>12</vs>
</c>
<c n="47">
<vs>10</vs>
</c>
<c n="48">
<vs>15</vs>
</c>
<c n="49">
<vs>21</vs>
</c>
<c n="50">
<vs>23</vs>
</c>
<c n="51">
<vs>21</vs>
</c>
<c n="52">
<vs>11</vs>
</c>
<c n="53">
<vs>7</vs>
</c>
<c n="54">
<vs>9</vs>
</c>
<c n="55">
<vs>24</vs>
</c>
<c n="56">
<vs>14</vs>
</c>
<c n="57">
<vs>12</vs>
</c>
<c n="58">
<vs>12</vs>
</c>
<c n="59">
<vs>18</vs>
</c>
<c n="60">
<vs>14</vs>
</c>
<c n="61">
<vs>9</vs>
</c>
<c n="62">
<vs>13</vs>
</c>
<c n="63">
<vs>12</vs>
</c>
<c n="64">
<vs>11</vs>
</c>
<c n="65">
<vs>14</vs>
</c>
<c n="66">
<vs>20</vs>
</c>
<c n="67">
<vs>8</vs>
</c>
<c n="68">
<vs>36</vs>
</c>
<c n="69">
<vs>37</vs>
</c>
<c n="70">
<vs>6</vs>
</c>
<c n="71">
<vs>24</vs>
</c>
<c n="72">
<vs>20</vs>
</c>
<c n="73">
<vs>28</vs>
</c>
<c n="74">
<vs>23</vs>
</c>
<c n="75">
<vs>11</vs>
</c>
<c n="76">
<vs>13</vs>
</c>
<c n="77">
<vs>21</vs>
</c>
<c n="78">
<vs>72</vs>
</c>
<c n="79">
<vs>13</vs>
</c>
<c n="80">
<vs>20</vs>
</c>
<c n="81">
<vs>17</vs>
</c>
<c n="82">
<vs>8</vs>
</c>
<c n="83">
<vs>19</vs>
</c>
<c n="84">
<vs>13</vs>
</c>
<c n="85">
<vs>14</vs>
</c>
<c n="86">
<vs>17</vs>
</c>
<c n="87">
<vs>7</vs>
</c>
<c n="88">
<vs>19</vs>
</c>
<c n="89">
<vs>53</vs>
</c>
<c n="90">
<vs>17</vs>
</c>
<c n="91">
<vs>16</vs>
</c>
<c n="92">
<vs>16</vs>
</c>
<c n="93">
<vs>5</vs>
</c>
<c n="94">
<vs>23</vs>
</c>
<c n="95">
<vs>11</vs>
</c>
<c n="96">
<vs>13</vs>
</c>
<c n="97">
<vs>12</vs>
</c>
<c n="98">
<vs>9</vs>
</c>
<c n="99">
<vs>9</vs>
</c>
<c n="100">
<vs>5</vs>
</c>
<c n="101">
<vs>8</vs>
</c>
<c n="102">
<vs>29</vs>
</c>
<c n="103">
<vs>22</vs>
</c>
<c n="104">
<vs>35</vs>
</c>
<c n="105">
<vs>45</vs>
</c>
<c n="106">
<vs>48</vs>
</c>
<c n="107">
<vs>43</vs>
</c>
<c n="108">
<vs>14</vs>
</c>
<c n="109">
<vs>31</vs>
</c>
<c n="110">
<vs>7</vs>
</c>
<c n="111">
<vs>10</vs>
</c>
<c n="112">
<vs>10</vs>
</c>
<c n="113">
<vs>9</vs>
</c>
<c n="114">
<vs>8</vs>
</c>
<c n="115">
<vs>18</vs>
</c>
<c n="116">
<vs>19</vs>
</c>
<c n="117">
<vs>2</vs>
</c>
<c n="118">
<vs>29</vs>
</c>
<c n="119">
<vs>176</vs>
</c>
<c n="120">
<vs>7</vs>
</c>
<c n="121">
<vs>8</vs>
</c>
<c n="122">
<vs>9</vs>
</c>
<c n="123">
<vs>4</vs>
</c>
<c n="124">
<vs>8</vs>
</c>
<c n="125">
<vs>5</vs>
</c>
<c n="126">
<vs>6</vs>
</c>
<c n="127">
<vs>5</vs>
</c>
<c n="128">
<vs>6</vs>
</c>
<c n="129">
<vs>8</vs>
</c>
<c n="130">
<vs>8</vs>
</c>
<c n="131">
<vs>3</vs>
</c>
<c n="132">
<vs>18</vs>
</c>
<c n="133">
<vs>3</vs>
</c>
<c n="134">
<vs>3</vs>
</c>
<c n="135">
<vs>21</vs>
</c>
<c n="136">
<vs>26</vs>
</c>
<c n="137">
<vs>9</vs>
</c>
<c n="138">
<vs>8</vs>
</c>
<c n="139">
<vs>24</vs>
</c>
<c n="140">
<vs>14</vs>
</c>
<c n="141">
<vs>10</vs>
</c>
<c n="142">
<vs>8</vs>
</c>
<c n="143">
<vs>12</vs>
</c>
<c n="144">
<vs>15</vs>
</c>
<c n="145">
<vs>21</vs>
</c>
<c n="146">
<vs>10</vs>
</c>
<c n="147">
<vs>20</vs>
</c>
<c n="148">
<vs>14</vs>
</c>
<c n="149">
<vs>9</vs>
</c>
<c n="150">
<vs>6</vs>
</c>
<cs>150</cs>
</book>
<book>
<names>
<name>Job</name>
<abbrev>Job</abbrev>
<filename>Job</filename>
</names>
<c n="1">
<vs>22</vs>
</c>
<c n="2">
<vs>13</vs>
</c>
<c n="3">
<vs>26</vs>
</c>
<c n="4">
<vs>21</vs>
</c>
<c n="5">
<vs>27</vs>
</c>
<c n="6">
<vs>30</vs>
</c>
<c n="7">
<vs>21</vs>
</c>
<c n="8">
<vs>22</vs>
</c>
<c n="9">
<vs>35</vs>
</c>
<c n="10">
<vs>22</vs>
</c>
<c n="11">
<vs>20</vs>
</c>
<c n="12">
<vs>25</vs>
</c>
<c n="13">
<vs>28</vs>
</c>
<c n="14">
<vs>22</vs>
</c>
<c n="15">
<vs>35</vs>
</c>
<c n="16">
<vs>22</vs>
</c>
<c n="17">
<vs>16</vs>
</c>
<c n="18">
<vs>21</vs>
</c>
<c n="19">
<vs>29</vs>
</c>
<c n="20">
<vs>29</vs>
</c>
<c n="21">
<vs>34</vs>
</c>
<c n="22">
<vs>30</vs>
</c>
<c n="23">
<vs>17</vs>
</c>
<c n="24">
<vs>25</vs>
</c>
<c n="25">
<vs>6</vs>
</c>
<c n="26">
<vs>14</vs>
</c>
<c n="27">
<vs>23</vs>
</c>
<c n="28">
<vs>28</vs>
</c>
<c n="29">
<vs>25</vs>
</c>
<c n="30">
<vs>31</vs>
</c>
<c n="31">
<vs>40</vs>
</c>
<c n="32">
<vs>22</vs>
</c>
<c n="33">
<vs>33</vs>
</c>
<c n="34">
<vs>37</vs>
</c>
<c n="35">
<vs>16</vs>
</c>
<c n="36">
<vs>33</vs>
</c>
<c n="37">
<vs>24</vs>
</c>
<c n="38">
<vs>41</vs>
</c>
<c n="39">
<vs>30</vs>
</c>
<c n="40">
<vs>32</vs>
</c>
<c n="41">
<vs>26</vs>
</c>
<c n="42">
<vs>17</vs>
</c>
<cs>42</cs>
</book>
<book>
<names>
<name>Proverbs</name>
<abbrev>Prov</abbrev>
<filename>Proverbs</filename>
</names>
<c n="1">
<vs>33</vs>
</c>
<c n="2">
<vs>22</vs>
</c>
<c n="3">
<vs>35</vs>
</c>
<c n="4">
<vs>27</vs>
</c>
<c n="5">
<vs>23</vs>
</c>
<c n="6">
<vs>35</vs>
</c>
<c n="7">
<vs>27</vs>
</c>
<c n="8">
<vs>36</vs>
</c>
<c n="9">
<vs>18</vs>
</c>
<c n="10">
<vs>32</vs>
</c>
<c n="11">
<vs>31</vs>
</c>
<c n="12">
<vs>28</vs>
</c>
<c n="13">
<vs>25</vs>
</c>
<c n="14">
<vs>35</vs>
</c>
<c n="15">
<vs>33</vs>
</c>
<c n="16">
<vs>33</vs>
</c>
<c n="17">
<vs>28</vs>
</c>
<c n="18">
<vs>24</vs>
</c>
<c n="19">
<vs>29</vs>
</c>
<c n="20">
<vs>30</vs>
</c>
<c n="21">
<vs>31</vs>
</c>
<c n="22">
<vs>29</vs>
</c>
<c n="23">
<vs>35</vs>
</c>
<c n="24">
<vs>34</vs>
</c>
<c n="25">
<vs>28</vs>
</c>
<c n="26">
<vs>28</vs>
</c>
<c n="27">
<vs>27</vs>
</c>
<c n="28">
<vs>28</vs>
</c>
<c n="29">
<vs>27</vs>
</c>
<c n="30">
<vs>33</vs>
</c>
<c n="31">
<vs>31</vs>
</c>
<cs>31</cs>
</book>
<book>
<names>
<name>Ruth</name>
<abbrev>Ruth</abbrev>
<filename>Ruth</filename>
</names>
<c n="1">
<vs>22</vs>
</c>
<c n="2">
<vs>23</vs>
</c>
<c n="3">
<vs>18</vs>
</c>
<c n="4">
<vs>22</vs>
</c>
<cs>4</cs>
</book>
<book>
<names>
<name>Song of Songs</name>
<abbrev>Song</abbrev>
<filename>Song_of_Songs</filename>
</names>
<c n="1">
<vs>17</vs>
</c>
<c n="2">
<vs>17</vs>
</c>
<c n="3">
<vs>11</vs>
</c>
<c n="4">
<vs>16</vs>
</c>
<c n="5">
<vs>16</vs>
</c>
<c n="6">
<vs>12</vs>
</c>
<c n="7">
<vs>14</vs>
</c>
<c n="8">
<vs>14</vs>
</c>
<cs>8</cs>
</book>
<book>
<names>
<name>Ecclesiastes</name>
<abbrev>Eccl</abbrev>
<filename>Ecclesiastes</filename>
</names>
<c n="1">
<vs>18</vs>
</c>
<c n="2">
<vs>26</vs>
</c>
<c n="3">
<vs>22</vs>
</c>
<c n="4">
<vs>17</vs>
</c>
<c n="5">
<vs>19</vs>
</c>
<c n="6">
<vs>12</vs>
</c>
<c n="7">
<vs>29</vs>
</c>
<c n="8">
<vs>17</vs>
</c>
<c n="9">
<vs>18</vs>
</c>
<c n="10">
<vs>20</vs>
</c>
<c n="11">
<vs>10</vs>
</c>
<c n="12">
<vs>14</vs>
</c>
<cs>12</cs>
</book>
<book>
<names>
<name>Lamentations</name>
<abbrev>Lam</abbrev>
<filename>Lamentations</filename>
</names>
<c n="1">
<vs>22</vs>
</c>
<c n="2">
<vs>22</vs>
</c>
<c n="3">
<vs>66</vs>
</c>
<c n="4">
<vs>22</vs>
</c>
<c n="5">
<vs>22</vs>
</c>
<cs>5</cs>
</book>
<book>
<names>
<name>Esther</name>
<abbrev>Esth</abbrev>
<filename>Esther</filename>
</names>
<c n="1">
<vs>22</vs>
</c>
<c n="2">
<vs>23</vs>
</c>
<c n="3">
<vs>15</vs>
</c>
<c n="4">
<vs>17</vs>
</c>
<c n="5">
<vs>14</vs>
</c>
<c n="6">
<vs>14</vs>
</c>
<c n="7">
<vs>10</vs>
</c>
<c n="8">
<vs>17</vs>
</c>
<c n="9">
<vs>32</vs>
</c>
<c n="10">
<vs>3</vs>
</c>
<cs>10</cs>
</book>
<book>
<names>
<name>Daniel</name>
<abbrev>Dan</abbrev>
<filename>Daniel</filename>
</names>
<c n="1">
<vs>21</vs>
</c>
<c n="2">
<vs>49</vs>
</c>
<c n="3">
<vs>33</vs>
</c>
<c n="4">
<vs>34</vs>
</c>
<c n="5">
<vs>30</vs>
</c>
<c n="6">
<vs>29</vs>
</c>
<c n="7">
<vs>28</vs>
</c>
<c n="8">
<vs>27</vs>
</c>
<c n="9">
<vs>27</vs>
</c>
<c n="10">
<vs>21</vs>
</c>
<c n="11">
<vs>45</vs>
</c>
<c n="12">
<vs>13</vs>
</c>
<cs>12</cs>
</book>
<book>
<names>
<name>Ezra</name>
<abbrev>Ezra</abbrev>
<filename>Ezra</filename>
</names>
<c n="1">
<vs>11</vs>
</c>
<c n="2">
<vs>70</vs>
</c>
<c n="3">
<vs>13</vs>
</c>
<c n="4">
<vs>24</vs>
</c>
<c n="5">
<vs>17</vs>
</c>
<c n="6">
<vs>22</vs>
</c>
<c n="7">
<vs>28</vs>
</c>
<c n="8">
<vs>36</vs>
</c>
<c n="9">
<vs>15</vs>
</c>
<c n="10">
<vs>44</vs>
</c>
<cs>10</cs>
</book>
<book>
<names>
<name>Nehemiah</name>
<abbrev>Neh</abbrev>
<filename>Nehemiah</filename>
</names>
<c n="1">
<vs>11</vs>
</c>
<c n="2">
<vs>20</vs>
</c>
<c n="3">
<vs>38</vs>
</c>
<c n="4">
<vs>17</vs>
</c>
<c n="5">
<vs>19</vs>
</c>
<c n="6">
<vs>19</vs>
</c>
<c n="7">
<vs>72</vs>
</c>
<c n="8">
<vs>18</vs>
</c>
<c n="9">
<vs>37</vs>
</c>
<c n="10">
<vs>40</vs>
</c>
<c n="11">
<vs>36</vs>
</c>
<c n="12">
<vs>47</vs>
</c>
<c n="13">
<vs>31</vs>
</c>
<cs>13</cs>
</book>
</tanach>
</Tanach>
